Bin Center, Ea2 7 days, Ea2 7 days, Ea2 7 days, Ea2 7 days, Ea2 7 days, Ea2 7 days,EA2 35 days,EA2 35 days,EA2 35 days,EA2 35 days,EA2 35 days,EA2 35 days
200,8.032434,6.586214,7.183296,9.594118,2.440435,,6.989427,7.700158,8.937035,7.200824,5.129958,5.096506
400,4.989627,3.425473,3.31105,5.643101,0.943815,,1.693213,5.140608,5.849695,3.86688,2.07415,2.599218
600,3.561959,2.847876,2.469258,4.230211,1.038196,,1.082869,4.161957,4.788721,2.813403,1.306239,1.865321
800,3.114911,2.374567,2.076421,3.519535,0.795501,,0.885984,3.065007,3.374089,2.503557,1.108324,1.625785
1000,2.307342,1.957413,1.421694,2.834241,0.795501,,0.551279,2.419742,2.532956,1.921046,0.942076,1.26903
1200,1.990082,1.435971,1.197216,2.242012,0.701119,,0.689098,1.860513,2.045482,1.846683,0.854993,1.197679
1400,1.759348,1.171239,0.823086,1.844372,0.48539,,0.472525,1.645425,1.65359,1.301354,0.704578,0.927564
1600,1.643981,0.906507,0.841792,1.649782,0.849433,,0.413459,1.451845,1.567565,1.202203,0.625412,0.840924
1800,1.269038,0.906507,0.430249,1.269063,0.741569,,0.413459,1.150722,1.347724,1.202203,0.577912,0.677835
2000,1.023883,0.62573,0.486369,1.184459,0.633704,,0.315016,1.043178,1.108766,0.941932,0.451246,0.519844
2200,0.821991,0.738041,0.785673,1.252142,0.444941,,0.216574,0.967897,1.080091,0.817994,0.451246,0.519844
2400,0.735465,0.641775,0.654727,0.939107,0.431458,,0.196885,0.742054,0.841133,0.780812,0.474996,0.489265
2600,0.749886,0.641775,0.448956,0.888344,0.404492,,0.236262,0.699037,0.841133,0.842781,0.356247,0.428107
2800,0.735465,0.457265,0.542488,0.79528,0.404492,,0.275639,0.709791,0.535266,0.669268,0.37208,0.412817
3000,0.663361,0.44122,0.448956,0.702215,0.417975,,0.216574,0.537721,0.669083,0.64448,0.39583,0.504554
3200,0.504731,0.393087,0.486369,0.516086,0.296627,,0.177197,0.548475,0.468358,0.532935,0.387914,0.382238
3400,0.432627,0.401109,0.205771,0.541467,0.242695,,0.236262,0.408668,0.449241,0.508148,0.253331,0.433203
3600,0.389364,0.288799,0.224478,0.39764,0.242695,,0.157508,0.526966,0.439683,0.470966,0.261248,0.361852
3800,0.432627,0.296821,0.149652,0.533007,0.202246,,0.196885,0.473194,0.535266,0.508148,0.340414,0.351659
4000,0.519152,0.272754,0.187065,0.423021,0.229212,,0.255951,0.344141,0.3441,0.384209,0.205832,0.208957
4200,0.374943,0.296821,0.187065,0.541467,0.323594,,0.098443,0.419422,0.4588,0.334634,0.213748,0.331273
4400,0.346101,0.320887,0.149652,0.287654,0.202246,,0.13782,0.301123,0.277191,0.359421,0.261248,0.193667
4600,0.187472,0.18451,0.168358,0.236892,0.229212,,0.098443,0.279615,0.391891,0.309846,0.269164,0.244632
4800,0.302839,0.232643,0.168358,0.279194,0.215729,,0.196885,0.397913,0.324983,0.446178,0.182082,0.285404
5000,0.33168,0.152422,0.224478,0.39764,0.161797,,0.13782,0.26886,0.152933,0.297452,0.189998,0.249729
5200,0.216313,0.160444,0.130945,0.355338,0.134831,,0.216574,0.322632,0.238958,0.235483,0.182082,0.188571
5400,0.288418,0.152422,0.112239,0.262273,0.202246,,0.059066,0.193579,0.296308,0.272665,0.253331,0.163088
5600,0.201892,0.152422,0.168358,0.279194,0.080898,,0.098443,0.215088,0.3441,0.272665,0.221665,0.168185
5800,0.230734,0.160444,0.130945,0.211511,0.053932,,0.177197,0.247351,0.315425,0.297452,0.174165,0.254825
6000,0.187472,0.136377,0.056119,0.262273,0.188763,,0.118131,0.322632,0.2294,0.185908,0.166249,0.137606
6200,0.072104,0.264732,0.093532,0.177669,0.121348,,0.039377,0.26886,0.17205,0.173514,0.189998,0.163088
6400,0.15863,0.104288,0.149652,0.236892,0.121348,,0.098443,0.279615,0.238958,0.272665,0.174165,0.142702
6600,0.173051,0.152422,0.093532,0.20305,0.067415,,0.216574,0.129053,0.181608,0.16112,0.142499,0.163088
6800,0.201892,0.120333,0.205771,0.219971,0.148314,,0.059066,0.225843,0.296308,0.260271,0.126666,0.127413
7000,0.201892,0.104288,0.149652,0.20305,0.121348,,0.157508,0.150562,0.210283,0.247877,0.182082,0.076448
7200,0.129788,0.136377,0.149652,0.169208,0.161797,,0.078754,0.258106,0.133817,0.185908,0.126666,0.122316
7400,0.129788,0.176488,0.093532,0.126906,0.094381,,0.098443,0.172071,0.2294,0.198302,0.079166,0.112123
7600,0.115367,0.0722,0.093532,0.20305,0.053932,,0.078754,0.139807,0.105142,0.173514,0.126666,0.127413
7800,0.086525,0.136377,0.056119,0.126906,0.148314,,0.078754,0.118299,0.152933,0.111545,0.102916,0.107027
8000,0.201892,0.136377,0.074826,0.169208,0.080898,,0.098443,0.139807,0.143375,0.123938,0.166249,0.122316
8200,0.187472,0.120333,0.112239,0.143827,0.107865,,0.118131,0.139807,0.17205,0.136332,0.063333,0.112123
8400,0.15863,0.128355,0.112239,0.135367,0.134831,,0.118131,0.075281,0.200725,0.086757,0.102916,0.091737
8600,0.15863,0.048133,0.130945,0.126906,0.094381,,0.098443,0.139807,0.143375,0.086757,0.134582,0.11722
8800,0.100946,0.112311,0.130945,0.143827,0.040449,,0.098443,0.043018,0.086025,0.061969,0.087083,0.142702
9000,0.100946,0.048133,0.112239,0.160748,0,,0.078754,0.118299,0.133817,0.136332,0.094999,0.096834
9200,0.144209,0.096266,0.074826,0.109985,0.053932,,0.059066,0.118299,0.105142,0.099151,0.071249,0.10193
9400,0.100946,0.0722,0.056119,0.067683,0.040449,,0.059066,0.150562,0.191167,0.061969,0.079166,0.091737
9600,0.072104,0.0722,0.018706,0.118446,0.026966,,0.078754,0.075281,0.105142,0.111545,0.055416,0.076448
9800,0.144209,0.088244,0.018706,0.084604,0.040449,,0.039377,0.129053,0.133817,0.074363,0.087083,0.061158
10000,0.129788,0.064177,0.074826,0.076144,0.053932,,0.039377,0.075281,0.152933,0.049575,0.087083,0.061158
10200,0.072104,0.080222,0.056119,0.093065,0.040449,,0.039377,0.086035,0.105142,0.061969,0.118749,0.061158
10400,0.072104,0.048133,0.093532,0.109985,0.067415,,0.039377,0.09679,0.047792,0.086757,0.055416,0.081544
10600,0.100946,0.040111,0.056119,0.093065,0.026966,,0.039377,0.064526,0.086025,0.061969,0.079166,0.061158
10800,0.028842,0.0722,0.056119,0.059223,0.053932,,0.059066,0.075281,0.066908,0.049575,0.063333,0.040772
11000,0.057684,0.080222,0.093532,0.059223,0.026966,,0.039377,0.064526,0.066908,0.123938,0.110832,0.096834
11200,0.057684,0.056155,0.074826,0.076144,0.053932,,0.078754,0.086035,0.05735,0.086757,0.079166,0.050965
11400,0.100946,0.048133,0.093532,0.042302,0.013483,,0.039377,0.043018,0.095583,0.136332,0.110832,0.050965
11600,0.043263,0.048133,0.093532,0.059223,0.053932,,0.019689,0.075281,0.05735,0.074363,0.0475,0.061158
11800,0.086525,0.064177,0.037413,0.084604,0.053932,,0.059066,0.09679,0.047792,0.074363,0.079166,0.056062
12000,0.100946,0.016044,0.037413,0.050763,0.040449,,0.039377,0.043018,0.047792,0.086757,0.039583,0.030579
12200,0.115367,0.048133,0.056119,0.084604,0,,0.059066,0.075281,0.095583,0.049575,0.0475,0.061158
12400,0.086525,0.048133,0.056119,0.042302,0.013483,,0.019689,0.032263,0.095583,0.074363,0.0475,0.061158
12600,0.028842,0.016044,0.037413,0.050763,0.026966,,0,0.021509,0.095583,0.061969,0.055416,0.056062
12800,0.100946,0.064177,0.037413,0.076144,0.067415,,0,0.086035,0.05735,0.074363,0.079166,0.035676
13000,0.028842,0.080222,0.056119,0.042302,0.013483,,0.059066,0.043018,0.038233,0.049575,0.055416,0.045869
13200,0.043263,0.048133,0.037413,0.109985,0.026966,,0.078754,0.043018,0.066908,0.086757,0.039583,0.025483
13400,0.072104,0.048133,0,0.042302,0.026966,,0.059066,0.043018,0.05735,0.086757,0.0475,0.035676
13600,0.014421,0.024067,0.056119,0.033842,0.040449,,0.039377,0.075281,0.047792,0.049575,0.0475,0.076448
13800,0.028842,0.032089,0.056119,0.067683,0.026966,,0.019689,0.032263,0.076467,0.099151,0.079166,0.066255
14000,0.086525,0.056155,0.056119,0.050763,0.026966,,0.039377,0.053772,0.066908,0.049575,0.0475,0.025483
14200,0.057684,0.040111,0.018706,0.059223,0.013483,,0.019689,0.043018,0.028675,0.061969,0.031666,0.040772
14400,0.100946,0.032089,0,0.067683,0.026966,,0.118131,0.032263,0.028675,0.049575,0.02375,0.030579
14600,0.043263,0.016044,0.074826,0.076144,0,,0.039377,0.043018,0.028675,0.037182,0.031666,0.040772
14800,0.043263,0.056155,0.018706,0.076144,0,,0.059066,0.064526,0.028675,0.024788,0.031666,0.035676
15000,0.072104,0.064177,0.018706,0.033842,0.013483,,0.039377,0.043018,0.047792,0.061969,0.031666,0.030579
15200,0.086525,0.048133,0.056119,0.042302,0.026966,,0.039377,0.064526,0.05735,0.024788,0.071249,0.045869
15400,0.072104,0.056155,0.056119,0.042302,0.026966,,0,0.032263,0.038233,0.024788,0.039583,0.050965
15600,0.057684,0.040111,0,0.042302,0.013483,,0.078754,0.021509,0.038233,0.061969,0.02375,0.025483
15800,0.072104,0.024067,0.074826,0.059223,0.040449,,0.039377,0.064526,0.066908,0.024788,0.015833,0.030579
16000,0.028842,0.032089,0.037413,0.025381,0.026966,,0.039377,0.032263,0.047792,0.049575,0.0475,0.061158
16200,0.028842,0.032089,0,0.042302,0,,0.019689,0.064526,0.028675,0.024788,0.087083,0.030579
16400,0.028842,0.024067,0.056119,0.033842,0.013483,,0,0.064526,0.076467,0.012394,0.031666,0.045869
16600,0.014421,0.024067,0.074826,0.067683,0.013483,,0,0.043018,0.05735,0.037182,0.015833,0.081544
16800,0.043263,0.024067,0.056119,0.059223,0.026966,,0.039377,0.075281,0.009558,0.049575,0.015833,0.061158
17000,0.014421,0.024067,0.037413,0.016921,0.026966,,0.019689,0.010754,0.009558,0.024788,0.039583,0.025483
17200,0.014421,0.024067,0,0.050763,0.026966,,0.019689,0.053772,0.047792,0,0.071249,0.025483
17400,0.014421,0.016044,0,0.042302,0,,0.039377,0.010754,0.019117,0.049575,0.039583,0.040772
17600,0.014421,0.032089,0.037413,0.050763,0,,0,0.032263,0.019117,0.037182,0.039583,0.025483
17800,0.028842,0.032089,0,0.033842,0.040449,,0.019689,0.032263,0.047792,0.037182,0.031666,0.01529
18000,0.057684,0.0722,0.018706,0.042302,0,,0.019689,0.032263,0.05735,0.024788,0.031666,0.025483
18200,0.028842,0.008022,0,0.042302,0.040449,,0.059066,0.021509,0.05735,0.012394,0.02375,0.020386
18400,0.028842,0.048133,0.037413,0.042302,0.026966,,0,0.021509,0.038233,0.049575,0.039583,0.045869
18600,0.014421,0.008022,0.018706,0.033842,0.013483,,0.039377,0.053772,0.047792,0.024788,0.039583,0.030579
18800,0.028842,0.064177,0.037413,0.00846,0.013483,,0.019689,0.010754,0.028675,0.012394,0.031666,0.030579
19000,0.014421,0.016044,0.037413,0.00846,0,,0.019689,0,0.028675,0.037182,0.031666,0.020386
19200,0.014421,0.008022,0.018706,0.050763,0.013483,,0.019689,0.043018,0.028675,0.012394,0.007917,0.035676
19400,0.028842,0.032089,0,0.033842,0,,0.019689,0.032263,0.028675,0.024788,0.02375,0.01529
19600,0,0.048133,0.056119,0.016921,0.040449,,0.019689,0.032263,0.009558,0.037182,0.015833,0.030579
19800,0.057684,0.040111,0,0.050763,0.026966,,0.019689,0.053772,0.009558,0.037182,0.031666,0.035676
20000,0.057684,0.016044,0,0.025381,0,,0,0.021509,0.019117,0.037182,0.02375,0.025483
20200,0.057684,0.024067,0.018706,0.016921,0,,0.019689,0.032263,0.038233,0.037182,0.031666,0.01529
20400,0.028842,0.008022,0,0.042302,0.013483,,0.059066,0.032263,0.028675,0.024788,0.015833,0.025483
20600,0.057684,0.016044,0.018706,0.016921,0.013483,,0,0.021509,0.038233,0.012394,0.055416,0.025483
20800,0.014421,0,0.018706,0.025381,0.013483,,0,0.021509,0.019117,0.012394,0.039583,0.01529
21000,0,0.032089,0,0.00846,0,,0,0.053772,0.028675,0.024788,0.02375,0.01529
21200,0.028842,0.008022,0.018706,0.016921,0,,0.039377,0.032263,0,0.012394,0.0475,0.030579
21400,0.072104,0.024067,0.018706,0.00846,0,,0.019689,0.053772,0.019117,0,0.039583,0.025483
21600,0.028842,0.024067,0.018706,0.016921,0.026966,,0.039377,0.021509,0.019117,0.024788,0.015833,0.020386
21800,0.028842,0.016044,0.018706,0.016921,0.013483,,0.019689,0,0.019117,0.024788,0,0.020386
22000,0.014421,0.008022,0,0.033842,0.026966,,0.019689,0.032263,0.019117,0.012394,0.031666,0.040772
22200,0.014421,0.024067,0,0.00846,0.026966,,0.019689,0.021509,0.019117,0.024788,0.02375,0.025483
22400,0.014421,0.024067,0,0.025381,0.026966,,0,0,0.066908,0.037182,0,0.01529
22600,0.028842,0.040111,0.018706,0.016921,0,,0,0,0.019117,0.074363,0.031666,0.035676
22800,0.014421,0.016044,0.037413,0.00846,0,,0.019689,0.010754,0.028675,0.012394,0.007917,0.025483
23000,0.028842,0.024067,0.018706,0.016921,0,,0,0.010754,0.019117,0.024788,0.015833,0.025483
23200,0.014421,0.024067,0,0.025381,0,,0,0.021509,0.009558,0.012394,0.015833,0.030579
23400,0.014421,0.008022,0,0.00846,0,,0.019689,0.043018,0,0.037182,0.02375,0.010193
23600,0.028842,0.016044,0,0.00846,0.013483,,0,0.010754,0.028675,0.024788,0.015833,0.005097
23800,0.014421,0.016044,0,0.016921,0.013483,,0.019689,0,0.028675,0,0.055416,0.01529
24000,0.014421,0.016044,0.074826,0.033842,0.013483,,0,0,0.009558,0.024788,0.007917,0.01529
24200,0.014421,0.040111,0.037413,0.016921,0.013483,,0.039377,0.064526,0.019117,0,0.007917,0.005097
24400,0.014421,0.016044,0,0.016921,0,,0,0.032263,0.009558,0.012394,0.0475,0.005097
24600,0.043263,0.024067,0.018706,0.016921,0.026966,,0,0.053772,0.047792,0.037182,0.031666,0.035676
24800,0.028842,0.016044,0.018706,0.025381,0,,0.019689,0.010754,0,0.012394,0.007917,0.020386
25000,0.014421,0.032089,0.018706,0.025381,0,,0.019689,0.032263,0.009558,0.012394,0.031666,0.030579
25200,0.057684,0,0,0,0,,0.019689,0.010754,0.009558,0.037182,0.015833,0.025483
25400,0.014421,0.032089,0.037413,0.00846,0,,0.019689,0,0.009558,0,0.02375,0.01529
25600,0.043263,0,0.037413,0.033842,0,,0,0.032263,0.019117,0.012394,0.039583,0.01529
25800,0.028842,0.016044,0.018706,0.00846,0.013483,,0,0.010754,0.009558,0.012394,0.02375,0.010193
26000,0.043263,0.024067,0,0.025381,0,,0,0.053772,0.009558,0,0.02375,0.005097
26200,0.014421,0.016044,0.018706,0.025381,0,,0.019689,0.032263,0.009558,0.012394,0.02375,0.010193
26400,0,0,0.018706,0.025381,0.026966,,0,0.021509,0.019117,0.012394,0.015833,0.01529
26600,0,0.016044,0,0,0,,0.039377,0.010754,0.019117,0,0.007917,0.025483
26800,0,0.040111,0.018706,0.033842,0.013483,,0,0.021509,0.009558,0.012394,0.007917,0.010193
27000,0.014421,0.008022,0.018706,0.016921,0.013483,,0,0.021509,0.019117,0.012394,0,0.020386
27200,0.014421,0,0,0.00846,0.013483,,0.019689,0.010754,0.028675,0,0.007917,0
27400,0.014421,0.016044,0.018706,0.016921,0,,0,0.010754,0.019117,0.024788,0.007917,0.010193
27600,0.028842,0.008022,0,0,0.026966,,0,0,0.028675,0,0.02375,0.030579
27800,0,0.008022,0,0.00846,0,,0.039377,0.010754,0.019117,0.012394,0.031666,0.01529
28000,0.028842,0.024067,0,0.016921,0,,0.019689,0.010754,0.009558,0.024788,0.007917,0.010193
28200,0.014421,0.016044,0.018706,0.00846,0.013483,,0,0.010754,0.009558,0.024788,0.007917,0.01529
28400,0.028842,0,0.018706,0.00846,0,,0.019689,0.021509,0.047792,0.024788,0.015833,0.020386
28600,0.014421,0.040111,0,0.042302,0.013483,,0.019689,0.043018,0.009558,0,0.02375,0.025483
28800,0.014421,0.008022,0,0.016921,0,,0.019689,0.010754,0,0.024788,0,0.010193
29000,0.028842,0,0,0,0,,0,0,0.009558,0,0.031666,0.010193
29200,0.043263,0.032089,0,0.00846,0,,0.019689,0,0.009558,0,0.015833,0.005097
29400,0,0.024067,0,0.00846,0.013483,,0,0.032263,0.019117,0,0,0.01529
29600,0.014421,0.008022,0,0.00846,0,,0,0.021509,0.009558,0.024788,0.007917,0.010193
29800,0.014421,0,0.018706,0.016921,0,,0,0.010754,0.019117,0,0.015833,0.005097
30000,0,0.016044,0,0,0,,0.019689,0.010754,0.019117,0,0,0.005097
30200,0,0.024067,0.037413,0.00846,0,,0,0.010754,0,0.024788,0.015833,0.020386
30400,0,0,0,0.00846,0,,0.019689,0,0,0,0.007917,0.01529
30600,0,0,0,0.00846,0,,0,0,0.019117,0.012394,0.015833,0.020386
30800,0.043263,0,0,0.00846,0,,0,0.010754,0.009558,0.012394,0.015833,0.020386
31000,0.014421,0.008022,0.018706,0,0,,0,0,0.028675,0.024788,0.02375,0.025483
31200,0.014421,0.016044,0,0,0,,0,0,0,0.012394,0.015833,0.005097
31400,0.043263,0.024067,0.018706,0.00846,0,,0.019689,0,0.019117,0.037182,0.015833,0.01529
31600,0,0.016044,0.018706,0.016921,0.013483,,0,0,0,0,0.031666,0.01529
31800,0.014421,0.016044,0.018706,0.00846,0.013483,,0,0,0,0,0.031666,0.01529
32000,0.028842,0.016044,0,0.00846,0,,0,0,0.009558,0,0.007917,0.005097
32200,0,0,0,0.00846,0,,0,0,0,0.012394,0,0.010193
32400,0.014421,0.008022,0,0.00846,0.013483,,0,0.010754,0,0.012394,0.02375,0.020386
32600,0.014421,0.008022,0.018706,0.00846,0,,0,0,0.009558,0.012394,0.02375,0.010193
32800,0.014421,0.016044,0.018706,0.00846,0,,0.019689,0.010754,0.009558,0,0.015833,0.020386
33000,0,0,0,0.00846,0,,0,0,0.009558,0,0.007917,0.005097
33200,0,0.008022,0,0,0,,0,0.010754,0.019117,0.024788,0.015833,0.010193
33400,0,0,0,0.016921,0.013483,,0,0.010754,0,0,0.007917,0.010193
33600,0.028842,0.024067,0,0,0.013483,,0.019689,0,0,0,0.02375,0
33800,0.014421,0.040111,0,0.00846,0,,0,0,0.009558,0,0.015833,0.020386
34000,0.014421,0,0,0.00846,0,,0.019689,0,0,0,0.007917,0.025483
34200,0,0.016044,0,0.00846,0.013483,,0.039377,0,0,0,0.007917,0.01529
34400,0.014421,0,0,0.033842,0,,0,0.021509,0.019117,0,0.007917,0.01529
34600,0,0,0,0.016921,0,,0,0.010754,0,0,0.015833,0.01529
34800,0.028842,0.008022,0.018706,0,0,,0,0,0,0,0,0.01529
35000,0,0.008022,0,0.00846,0.013483,,0,0.010754,0.009558,0,0.007917,0
35200,0,0.016044,0,0.016921,0,,0.019689,0,0,0.012394,0,0.010193
35400,0.014421,0.008022,0,0,0.013483,,0.019689,0.010754,0,0,0.007917,0.010193
35600,0,0,0,0,0,,0.019689,0.032263,0.009558,0.012394,0.02375,0.010193
35800,0.028842,0,0.018706,0.016921,0.013483,,0,0,0.009558,0.012394,0.007917,0.020386
36000,0.014421,0.008022,0,0.00846,0,,0.039377,0.010754,0.019117,0.012394,0,0.01529
36200,0.014421,0.016044,0,0.00846,0,,0.019689,0.010754,0,0,0,0
36400,0,0.024067,0,0.00846,0,,0,0.053772,0.009558,0,0.015833,0.010193
36600,0.014421,0.016044,0,0,0,,0.019689,0.010754,0,0,0.015833,0.010193
36800,0,0.008022,0,0.00846,0,,0.019689,0.010754,0,0,0,0
37000,0.043263,0,0,0.025381,0,,0,0.021509,0,0,0.007917,0
37200,0,0.008022,0.018706,0.016921,0,,0,0.021509,0,0,0,0.01529
37400,0,0.016044,0,0.00846,0,,0.019689,0.010754,0,0,0.015833,0.010193
37600,0.014421,0,0,0,0,,0.019689,0.021509,0.009558,0,0.007917,0.005097
37800,0,0.008022,0,0,0,,0,0.010754,0.019117,0,0.02375,0.005097
38000,0.014421,0,0,0,0,,0,0.021509,0.009558,0,0.015833,0
38200,0.014421,0,0.018706,0.033842,0,,0,0,0,0,0,0
38400,0,0,0.037413,0,0,,0,0,0,0.012394,0.007917,0
38600,0,0.008022,0,0.00846,0,,0.019689,0,0,0.024788,0.007917,0.005097
38800,0.014421,0.016044,0,0.00846,0,,0,0,0,0.012394,0,0.005097
39000,0,0.008022,0,0,0,,0.019689,0.010754,0.019117,0,0.015833,0.020386
39200,0.014421,0.016044,0,0,0,,0.039377,0,0,0,0.015833,0.005097
39400,0.014421,0.016044,0,0,0,,0.039377,0.021509,0,0.024788,0,0.005097
39600,0.014421,0.008022,0,0,0.013483,,0,0.021509,0.009558,0,0.007917,0.01529
39800,0,0,0,0.00846,0.013483,,0,0,0,0,0.015833,0.005097
40000,0,0.024067,0,0,0.026966,,0,0.010754,0,0.012394,0.007917,0
40200,0,0,0.018706,0.016921,0,,0,0,0,0,0.007917,0
40400,0.014421,0.016044,0,0,0,,0.019689,0,0.009558,0,0,0.005097
40600,0,0,0,0,0,,0.019689,0,0.009558,0,0.015833,0.010193
40800,0,0,0.018706,0.00846,0.013483,,0,0,0,0,0,0.005097
41000,0.014421,0.016044,0.018706,0.00846,0,,0,0,0.009558,0,0,0.005097
41200,0,0.008022,0,0,0,,0,0.032263,0,0.012394,0,0.005097
41400,0,0,0,0,0,,0,0,0,0,0,0.005097
41600,0,0.008022,0,0.00846,0,,0,0,0,0.012394,0,0.005097
41800,0,0,0,0.00846,0.013483,,0,0.010754,0,0,0,0.01529
42000,0,0.008022,0.018706,0,0,,0,0.010754,0,0,0.007917,0.01529
42200,0,0,0,0,0,,0,0.010754,0.009558,0.012394,0.007917,0.005097
42400,0.028842,0,0,0,0,,0.019689,0.021509,0,0,0.007917,0.01529
42600,0,0.024067,0.018706,0.016921,0,,0,0.021509,0,0,0,0.01529
42800,0.014421,0.008022,0,0,0,,0,0,0,0,0.007917,0
43000,0,0,0,0.00846,0,,0.039377,0,0.019117,0.012394,0.007917,0.005097
43200,0,0,0,0.00846,0,,0,0,0,0,0,0.005097
43400,0.014421,0.016044,0,0.016921,0,,0,0,0,0,0.007917,0.005097
43600,0,0,0,0,0,,0,0.021509,0.019117,0,0,0.010193
43800,0,0.008022,0,0.00846,0,,0.019689,0,0,0,0.007917,0.005097
44000,0,0,0,0,0,,0,0.021509,0,0,0,0.010193
44200,0,0.008022,0,0,0,,0,0,0,0.012394,0.007917,0
44400,0,0,0,0,0,,0,0,0.019117,0,0.007917,0.005097
44600,0,0,0,0,0,,0.019689,0.010754,0.009558,0,0.007917,0.010193
44800,0,0.008022,0,0.00846,0,,0.039377,0.021509,0,0.012394,0,0.010193
45000,0.028842,0.008022,0,0.00846,0,,0.019689,0.021509,0,0,0,0.005097
45200,0,0,0.018706,0,0,,0.019689,0.021509,0.009558,0,0,0.010193
45400,0,0,0.018706,0,0,,0,0,0,0,0.015833,0
45600,0,0,0,0,0.026966,,0,0.010754,0.009558,0,0,0.01529
45800,0.014421,0.024067,0.018706,0,0,,0.019689,0,0.009558,0,0.007917,0.010193
46000,0,0,0.018706,0,0,,0,0,0.009558,0,0,0.01529
46200,0,0.016044,0.018706,0,0,,0,0.010754,0,0.012394,0,0.005097
46400,0.014421,0,0,0,0,,0.019689,0,0,0,0.015833,0
46600,0.014421,0.016044,0,0,0,,0,0,0.019117,0,0,0
46800,0,0,0.018706,0,0,,0.019689,0,0.009558,0,0,0
47000,0.014421,0.008022,0,0,0,,0.019689,0.010754,0,0.012394,0.007917,0.01529
47200,0.014421,0.008022,0,0,0,,0.019689,0,0,0.012394,0.007917,0.005097
47400,0,0.008022,0,0,0,,0.019689,0.010754,0,0.024788,0,0
47600,0,0,0,0.00846,0,,0,0.010754,0,0,0.007917,0.020386
47800,0,0.008022,0.018706,0,0,,0,0.010754,0,0,0.007917,0
48000,0.014421,0,0,0.016921,0,,0,0.010754,0,0,0.007917,0
48200,0.014421,0.008022,0.037413,0,0,,0,0,0.009558,0,0.007917,0.010193
48400,0,0.008022,0,0,0,,0,0.021509,0,0,0,0.005097
48600,0,0,0,0,0.013483,,0,0.010754,0,0,0,0.01529
48800,0.014421,0,0,0.00846,0,,0,0,0,0,0,0.005097
49000,0.014421,0.008022,0.018706,0,0,,0.019689,0,0.009558,0,0.015833,0.010193
49200,0.014421,0.008022,0,0,0.013483,,0,0.010754,0,0,0,0.005097
49400,0,0.016044,0.018706,0,0,,0,0.010754,0.009558,0.012394,0,0.010193
49600,0,0,0.037413,0,0,,0,0,0,0.012394,0.02375,0.020386
49800,0.014421,0,0.018706,0,0,,0,0.032263,0,0,0,0.005097
50000,0.014421,0,0,0,0,,0,0,0.019117,0,0,0
50200,0,0,0,0,0,,0,0.010754,0,0,0,0.005097
50400,0,0.008022,0,0,0.013483,,0,0.010754,0.009558,0,0,0
50600,0,0,0,0,0,,0,0,0,0,0.007917,0
50800,0,0.016044,0,0.00846,0,,0.019689,0,0,0,0.007917,0
51000,0,0.008022,0,0.00846,0,,0,0.010754,0.009558,0,0,0.01529
51200,0.014421,0.008022,0,0.00846,0,,0,0,0,0,0,0.01529
51400,0,0,0,0,0,,0.019689,0,0,0,0.02375,0.005097
51600,0,0,0,0,0,,0,0,0,0,0.007917,0.010193
51800,0,0.008022,0,0,0.013483,,0,0,0,0.012394,0.007917,0.005097
52000,0.014421,0.008022,0,0,0,,0,0,0,0,0,0
52200,0,0.008022,0,0.00846,0,,0,0,0,0.012394,0,0
52400,0,0,0,0.00846,0,,0,0,0,0,0,0.005097
52600,0,0.008022,0.018706,0,0.013483,,0,0,0,0,0,0
52800,0,0.008022,0.018706,0,0,,0,0.010754,0,0.012394,0.007917,0.005097
53000,0.014421,0.016044,0,0,0.013483,,0,0,0.009558,0,0,0
53200,0.028842,0,0,0,0,,0,0,0,0,0.007917,0.010193
53400,0.014421,0.016044,0,0.00846,0,,0.019689,0,0.028675,0,0.007917,0
53600,0.014421,0.008022,0,0.00846,0,,0,0.010754,0,0,0.015833,0.005097
53800,0,0.008022,0,0.00846,0,,0,0,0,0,0.015833,0.005097
54000,0.014421,0,0.018706,0.00846,0,,0,0,0,0.012394,0.007917,0
54200,0.014421,0,0,0,0,,0,0.010754,0.019117,0,0.007917,0.005097
54400,0,0,0,0,0,,0,0,0,0,0.007917,0.005097
54600,0,0.016044,0,0,0.013483,,0,0,0,0.012394,0,0.005097
54800,0.014421,0,0,0,0,,0,0,0,0,0.007917,0
55000,0,0,0,0.00846,0,,0.019689,0,0.009558,0.012394,0.007917,0
55200,0,0,0,0,0,,0,0,0,0,0,0.005097
55400,0,0,0,0.00846,0,,0,0,0,0,0,0
55600,0,0,0,0.00846,0,,0,0,0,0.012394,0.007917,0.020386
55800,0,0,0,0,0,,0,0,0,0,0,0
56000,0.014421,0.008022,0,0.00846,0,,0,0,0,0,0.007917,0
56200,0,0.008022,0,0,0,,0,0,0.009558,0,0,0.005097
56400,0,0,0.018706,0,0,,0.019689,0,0.009558,0,0.007917,0.005097
56600,0.028842,0,0,0,0,,0.019689,0.021509,0,0.012394,0,0.01529
56800,0,0.008022,0,0,0,,0,0,0,0,0.015833,0
57000,0,0,0,0,0,,0,0,0,0.012394,0,0
57200,0,0,0,0,0,,0,0,0,0,0,0.005097
57400,0,0,0,0,0,,0,0,0,0.012394,0,0.005097
57600,0,0.008022,0,0.00846,0,,0,0,0.009558,0,0,0.005097
57800,0,0,0,0.00846,0,,0.019689,0,0,0.012394,0,0.010193
58000,0.014421,0,0,0,0,,0,0.010754,0.009558,0.024788,0,0
58200,0.014421,0,0.018706,0,0,,0,0.010754,0.009558,0,0,0
58400,0,0.008022,0.018706,0,0,,0,0,0,0.012394,0.007917,0.005097
58600,0,0.008022,0,0.016921,0,,0,0,0,0,0,0
58800,0.014421,0.008022,0,0,0,,0,0,0.009558,0,0,0.005097
59000,0.014421,0,0.018706,0,0,,0,0,0,0,0.007917,0.005097
59200,0,0,0,0,0,,0,0,0.009558,0,0,0
59400,0,0.008022,0,0,0,,0,0,0.009558,0,0.007917,0.005097
59600,0,0.008022,0,0,0,,0,0,0,0,0,0
59800,0,0.016044,0,0.00846,0,,0,0.010754,0,0,0,0
60000,0,0.016044,0,0.00846,0,,0,0,0,0,0,0
60200,0,0,0.018706,0,0,,0,0,0,0,0.015833,0
60400,0,0.008022,0,0,0,,0,0,0,0,0,0.005097
60600,0,0,0,0,0.013483,,0,0,0,0,0,0.005097
60800,0.014421,0.008022,0.018706,0,0,,0,0,0,0,0,0.005097
61000,0,0,0,0.00846,0,,0.019689,0,0,0.024788,0,0
61200,0,0,0,0.00846,0.013483,,0.019689,0,0.009558,0,0,0
61400,0,0.008022,0,0,0.013483,,0,0,0,0,0,0.005097
61600,0,0,0,0,0,,0.039377,0,0.009558,0,0.015833,0
61800,0,0,0,0,0,,0,0,0,0,0.007917,0.010193
62000,0.014421,0.008022,0,0,0.013483,,0,0,0,0,0,0
62200,0.014421,0,0.018706,0,0,,0,0,0.009558,0,0.007917,0
62400,0,0,0,0,0,,0,0,0,0,0,0
62600,0,0.008022,0,0,0,,0.019689,0,0,0.012394,0.007917,0.005097
62800,0,0.008022,0,0,0,,0,0.010754,0,0,0,0
63000,0,0,0,0.00846,0,,0,0,0.009558,0.012394,0,0
63200,0,0.008022,0,0,0,,0,0,0,0,0,0.005097
63400,0.014421,0,0.037413,0,0,,0,0,0,0,0.007917,0
63600,0,0.016044,0,0,0,,0,0.010754,0,0,0.015833,0
63800,0.014421,0.008022,0,0,0,,0,0,0,0,0,0.005097
64000,0,0,0,0,0,,0,0.010754,0,0,0.007917,0.005097
64200,0,0,0,0,0,,0.019689,0,0,0,0,0
64400,0.014421,0.008022,0.018706,0,0.013483,,0,0,0,0,0,0
64600,0,0,0,0,0,,0,0.010754,0,0.012394,0.007917,0
64800,0.014421,0,0,0,0,,0,0,0.009558,0,0,0
65000,0.014421,0,0,0,0,,0,0,0,0,0.007917,0
65200,0,0,0,0.00846,0,,0,0,0,0,0.007917,0.005097
65400,0,0.008022,0.018706,0,0,,0,0,0,0,0.007917,0
65600,0,0,0,0,0,,0,0,0,0,0,0
65800,0,0,0,0,0,,0,0,0.009558,0,0,0
66000,0,0.008022,0,0,0,,0,0,0,0,0,0
66200,0,0,0,0,0,,0,0,0.009558,0,0.007917,0
66400,0,0,0,0.00846,0,,0,0,0,0,0,0.005097
66600,0,0,0,0,0,,0.019689,0,0.009558,0,0,0.005097
66800,0,0,0,0,0,,0,0,0,0,0,0
67000,0,0,0,0,0,,0,0,0,0,0,0.005097
67200,0.028842,0.008022,0,0,0,,0,0,0.009558,0,0,0
67400,0,0,0,0,0,,0,0,0,0,0,0.005097
67600,0,0,0,0,0,,0,0,0,0,0,0
67800,0,0,0,0,0,,0,0,0,0,0.007917,0
68000,0,0,0,0,0,,0,0,0,0,0.007917,0
68200,0,0,0.018706,0,0.013483,,0,0,0,0,0,0.005097
68400,0,0,0,0,0,,0.019689,0,0,0,0.015833,0.005097
68600,0,0.008022,0,0,0,,0,0,0,0,0.007917,0.005097
68800,0,0,0,0.00846,0,,0,0,0,0,0,0.010193
69000,0.014421,0.008022,0,0,0,,0.019689,0,0.009558,0,0.015833,0.005097
69200,0.014421,0,0,0.00846,0,,0,0,0,0,0,0
69400,0,0.008022,0.018706,0,0,,0,0,0,0,0.007917,0.005097
69600,0.014421,0,0,0,0,,0,0,0,0,0,0.01529
69800,0,0,0,0,0,,0,0,0,0.012394,0,0.005097
70000,0,0,0,0,0,,0,0,0.019117,0.012394,0,0.005097
70200,0.014421,0,0,0.00846,0,,0.019689,0,0,0,0,0
70400,0,0,0,0,0,,0,0,0,0,0,0
70600,0,0,0,0.00846,0,,0,0,0.019117,0,0,0.005097
70800,0,0,0,0,0,,0,0,0,0,0,0.005097
71000,0,0,0,0,0,,0.039377,0,0,0,0.007917,0
71200,0,0,0,0,0,,0,0,0.009558,0,0.007917,0
71400,0,0,0,0,0,,0,0.010754,0,0,0,0
71600,0,0.008022,0,0,0,,0,0.010754,0.009558,0,0,0
71800,0,0.008022,0.018706,0,0,,0,0,0,0,0.007917,0.010193
72000,0,0,0,0,0,,0,0,0.009558,0,0,0
72200,0,0,0,0,0,,0,0,0,0,0,0
72400,0.014421,0,0,0,0,,0,0.010754,0,0,0,0.005097
72600,0,0.016044,0,0,0,,0.019689,0,0,0.012394,0.007917,0.005097
72800,0,0,0,0,0,,0,0,0,0,0,0
73000,0,0,0,0,0,,0,0,0,0.012394,0,0
73200,0,0,0,0,0,,0,0,0.009558,0.024788,0,0
73400,0,0,0,0,0,,0,0,0,0,0,0
73600,0,0,0,0,0,,0.019689,0,0,0,0.007917,0
73800,0.014421,0.008022,0,0,0,,0,0,0,0,0.007917,0
74000,0,0,0,0,0,,0,0,0,0,0,0.01529
74200,0.014421,0,0,0.016921,0,,0,0,0,0,0,0
74400,0,0,0,0,0,,0,0,0,0,0.007917,0
74600,0,0,0,0,0,,0,0,0,0,0,0
74800,0,0,0,0,0,,0,0,0.009558,0,0,0
75000,0,0,0,0,0,,0,0,0,0,0,0
75200,0,0.016044,0.018706,0.00846,0,,0,0,0,0,0,0
75400,0.014421,0,0,0,0,,0.019689,0,0,0,0,0
75600,0.014421,0,0,0,0,,0,0,0,0,0,0
75800,0,0,0,0.00846,0,,0,0,0,0,0,0
76000,0,0,0.018706,0,0.013483,,0,0,0.009558,0,0,0.010193
76200,0,0,0,0.00846,0,,0,0,0,0,0,0
76400,0,0,0,0,0,,0,0,0,0,0,0
76600,0,0,0,0,0,,0,0,0,0,0,0.005097
76800,0.014421,0.008022,0,0,0,,0,0,0,0,0,0.005097
77000,0,0,0,0,0,,0,0,0.009558,0,0,0.005097
77200,0,0.008022,0,0.00846,0,,0,0,0,0,0,0.005097
77400,0,0,0,0,0,,0,0,0,0,0,0.005097
77600,0,0.016044,0,0,0,,0,0.010754,0,0.012394,0.007917,0.010193
77800,0.014421,0,0,0.00846,0,,0,0,0,0,0,0
78000,0,0,0,0,0,,0.039377,0,0.009558,0,0,0
78200,0,0.008022,0,0,0.013483,,0,0,0,0,0,0.005097
78400,0,0,0.018706,0,0,,0,0,0,0,0,0
78600,0.014421,0,0,0,0,,0,0,0,0,0,0
78800,0,0,0,0,0,,0,0,0,0,0.007917,0.005097
79000,0,0,0,0,0,,0.019689,0,0,0,0,0
79200,0,0,0,0,0,,0,0.010754,0,0,0,0
79400,0,0,0,0,0,,0,0,0,0,0,0
79600,0,0,0,0.00846,0,,0,0,0,0,0.007917,0
79800,0,0,0,0,0,,0,0,0,0,0,0
80000,0,0,0,0,0,,0,0,0,0.012394,0,0
80200,0,0,0,0,0,,0,0.010754,0,0,0,0
80400,0,0,0,0,0,,0,0,0,0,0,0
80600,0,0,0,0,0.013483,,0,0,0,0,0,0
80800,0,0,0,0.00846,0,,0,0,0,0,0,0
81000,0,0,0,0,0,,0,0,0,0,0,0
81200,0.014421,0,0,0,0,,0,0,0,0,0,0
81400,0,0,0,0,0,,0.019689,0,0.009558,0,0,0.005097
81600,0,0,0,0,0,,0,0,0.009558,0,0,0
81800,0,0,0,0,0,,0,0,0,0,0,0
82000,0,0,0,0,0,,0,0,0,0,0,0
82200,0,0,0.018706,0,0,,0,0,0,0,0.007917,0
82400,0,0.008022,0,0,0,,0.019689,0,0,0,0,0
82600,0,0,0,0,0,,0,0,0,0,0,0
82800,0.014421,0,0,0.00846,0,,0,0,0,0,0,0.005097
83000,0,0,0,0,0,,0,0,0,0,0,0
83200,0,0,0,0,0,,0,0,0,0,0,0.005097
83400,0,0,0,0,0,,0,0,0,0.012394,0.007917,0
83600,0,0,0,0,0.013483,,0,0,0,0,0.007917,0.005097
83800,0,0,0,0,0,,0,0,0,0,0.007917,0
84000,0,0.008022,0,0,0,,0,0,0.009558,0,0,0
84200,0,0,0,0.00846,0,,0.019689,0,0.009558,0,0,0.005097
84400,0.014421,0,0,0,0,,0,0,0,0,0,0.005097
84600,0,0,0.018706,0,0,,0,0,0,0,0,0
84800,0.028842,0,0,0,0,,0,0,0,0,0.007917,0
85000,0,0.008022,0,0,0,,0,0,0,0,0,0.005097
85200,0,0,0,0,0,,0,0,0,0,0.007917,0
85400,0,0,0,0,0,,0,0,0,0,0,0.005097
85600,0,0,0,0,0,,0,0,0,0.012394,0,0
85800,0,0,0,0,0,,0,0,0,0,0,0
86000,0,0,0,0,0,,0,0,0,0,0.007917,0.005097
86200,0.014421,0,0.018706,0,0,,0,0,0,0,0.007917,0
86400,0,0,0,0,0,,0,0,0,0,0,0
86600,0,0.008022,0,0,0,,0.019689,0,0,0,0,0
86800,0,0.016044,0,0.00846,0,,0,0.010754,0.009558,0,0.007917,0
87000,0,0,0,0,0,,0,0,0,0,0,0
87200,0,0.008022,0,0,0,,0,0,0,0,0,0
87400,0,0,0,0.016921,0,,0,0.010754,0,0,0,0
87600,0,0.008022,0,0,0,,0,0,0,0,0,0.005097
87800,0,0,0,0,0,,0,0,0,0,0,0
88000,0.014421,0,0,0,0,,0,0,0.009558,0,0,0
88200,0,0.008022,0,0,0,,0,0,0.009558,0,0,0
88400,0,0,0,0,0,,0,0,0,0,0,0
88600,0.014421,0,0,0,0,,0,0,0,0,0,0.005097
88800,0,0,0,0,0,,0,0,0,0,0,0.005097
89000,0,0,0,0,0,,0,0,0,0,0,0
89200,0,0,0,0,0,,0,0,0,0,0,0.005097
89400,0,0,0,0,0,,0,0,0,0,0.007917,0
89600,0,0,0,0.016921,0.013483,,0,0,0,0,0,0
89800,0,0,0,0,0,,0,0,0,0,0,0
90000,0.014421,0,0,0.00846,0,,0,0,0,0,0,0
90200,0,0.008022,0,0,0,,0,0,0,0,0,0
90400,0,0,0,0,0,,0,0,0,0,0,0
90600,0,0.008022,0,0,0,,0,0,0,0,0,0
90800,0,0,0,0,0,,0,0,0,0,0.007917,0
91000,0,0.008022,0,0,0,,0,0,0,0,0,0
91200,0,0,0,0,0,,0,0,0,0.012394,0,0
91400,0.014421,0,0,0.00846,0,,0,0,0,0,0,0
91600,0,0,0,0,0,,0,0,0,0,0,0
91800,0,0.008022,0.018706,0,0,,0,0,0,0,0,0
92000,0,0.016044,0,0,0,,0,0,0,0,0,0
92200,0.014421,0,0,0,0,,0,0.010754,0,0,0,0
92400,0,0,0,0,0,,0,0,0,0,0,0.005097
92600,0,0,0.018706,0,0,,0,0,0,0.012394,0,0
92800,0,0,0,0,0,,0,0,0,0,0,0
93000,0.014421,0,0,0,0,,0,0,0,0,0,0
93200,0,0,0,0,0,,0,0,0,0,0,0
93400,0,0,0,0,0,,0,0.010754,0,0,0,0
93600,0,0.008022,0,0,0,,0,0,0,0.012394,0.007917,0.005097
93800,0,0,0,0.00846,0,,0,0,0,0,0,0.005097
94000,0,0,0,0,0,,0,0,0,0,0,0.005097
94200,0,0,0,0,0,,0,0,0,0,0,0
94400,0,0.008022,0,0,0,,0,0,0,0,0,0
94600,0,0,0,0,0,,0,0,0,0,0,0
94800,0,0,0,0,0,,0,0,0,0,0,0
95000,0,0.008022,0,0,0,,0,0,0,0,0,0
95200,0,0,0,0,0,,0,0,0,0,0,0
95400,0,0,0,0.00846,0,,0,0,0,0,0,0
95600,0.014421,0,0,0,0,,0,0,0,0,0,0
95800,0,0,0,0,0,,0,0,0,0,0,0
96000,0,0,0,0,0,,0,0,0,0,0,0
96200,0,0,0.018706,0,0,,0,0,0,0,0,0
96400,0,0,0,0.00846,0,,0,0,0,0,0,0
96600,0,0.008022,0,0,0,,0,0,0,0,0,0
96800,0,0.008022,0,0,0,,0,0,0,0,0,0
97000,0,0,0,0.00846,0,,0,0,0,0,0.015833,0
97200,0,0.008022,0,0,0,,0,0,0,0,0.007917,0
97400,0.014421,0,0.018706,0,0,,0,0,0,0,0,0
97600,0,0.008022,0,0,0,,0,0,0,0.012394,0,0.005097
97800,0,0,0,0,0,,0,0.010754,0,0,0.007917,0
98000,0,0,0,0,0,,0,0,0,0,0,0
98200,0,0,0,0,0,,0,0,0,0,0,0
98400,0,0,0,0.00846,0,,0,0,0.019117,0,0,0
98600,0,0,0,0,0,,0,0,0.009558,0,0,0
98800,0,0,0,0.00846,0,,0,0,0,0,0,0
99000,0,0,0,0,0,,0.019689,0,0,0,0,0
99200,0,0,0,0,0,,0,0,0,0,0,0
99400,0,0,0,0,0,,0.019689,0,0,0,0,0
99600,0,0.016044,0,0,0,,0,0,0,0,0,0
99800,0,0,0,0,0,,0,0,0,0,0,0
100000,0,0,0,0,0,,0,0,0,0,0,0
100200,0,0,0,0,0,,0,0,0,0,0,0
100400,0,0,0,0,0,,0,0,0,0,0,0.005097
100600,0,0,0,0,0,,0,0,0,0,0,0
100800,0,0,0,0.00846,0,,0,0,0,0,0,0
101000,0,0,0,0,0,,0,0,0,0,0,0
101200,0.014421,0.008022,0,0,0,,0,0,0,0,0,0
101400,0,0.008022,0,0,0,,0,0,0,0,0,0
101600,0,0,0,0,0,,0,0,0,0,0,0
101800,0,0,0,0,0,,0,0,0,0,0,0
102000,0,0,0,0,0,,0,0,0,0,0,0
102200,0,0,0,0,0,,0,0.010754,0,0,0,0
102400,0,0.008022,0,0.00846,0,,0,0,0,0.012394,0,0
102600,0,0.008022,0,0,0,,0,0,0,0,0,0
102800,0,0,0,0,0,,0,0,0,0,0,0.010193
103000,0,0,0,0,0,,0,0,0,0,0,0
103200,0,0,0,0,0,,0,0,0,0,0,0
103400,0,0,0,0.00846,0,,0,0,0,0,0,0.005097
103600,0,0,0,0,0,,0,0,0,0.012394,0,0
103800,0,0,0,0,0,,0,0,0,0,0,0
104000,0,0.008022,0,0,0,,0,0,0,0,0,0
104200,0,0,0,0.00846,0,,0,0,0,0,0,0
104400,0,0,0,0,0,,0,0,0,0,0,0
104600,0,0,0.018706,0,0,,0,0,0,0,0,0
104800,0,0,0,0,0,,0,0,0,0,0,0
105000,0,0,0,0,0,,0,0,0,0,0,0.005097
105200,0,0,0,0,0,,0,0,0,0,0,0.005097
105400,0.014421,0.008022,0,0,0,,0,0,0,0,0,0
105600,0,0,0,0,0,,0,0,0,0,0.007917,0
105800,0,0,0,0,0,,0.019689,0,0,0,0,0
106000,0,0,0,0,0,,0,0,0,0.012394,0,0
106200,0,0,0,0.00846,0,,0,0,0,0,0,0
106400,0,0,0,0,0,,0,0.010754,0,0,0,0.005097
106600,0,0,0,0,0,,0,0,0,0,0.007917,0
106800,0.014421,0,0,0,0,,0,0,0,0,0,0
107000,0,0,0,0,0,,0,0,0,0,0,0
107200,0,0,0,0.00846,0,,0,0,0,0,0,0
107400,0.014421,0,0,0.00846,0,,0,0,0,0,0,0
107600,0,0.008022,0,0,0,,0,0,0,0,0,0
107800,0,0,0.018706,0,0,,0,0,0,0,0,0
108000,0,0,0,0,0,,0,0,0,0,0.007917,0.005097
108200,0,0,0,0,0,,0,0,0,0,0,0
108400,0,0,0,0,0,,0,0,0.009558,0,0,0.005097
108600,0,0,0,0,0,,0,0,0.009558,0,0,0
108800,0,0,0,0.00846,0,,0,0,0,0,0,0
109000,0,0,0,0,0,,0,0.010754,0,0,0,0.005097
109200,0.014421,0,0,0,0,,0,0,0,0,0,0
109400,0,0,0,0,0,,0,0,0,0,0,0
109600,0.014421,0,0,0,0,,0,0,0,0,0,0
109800,0,0,0,0,0,,0,0,0,0,0,0
110000,0,0,0,0,0.013483,,0,0,0,0,0,0
110200,0,0,0,0,0,,0,0,0,0.012394,0,0
110400,0,0,0,0.00846,0,,0,0,0,0,0,0
110600,0,0,0,0,0,,0,0,0,0,0,0
110800,0,0,0,0,0,,0,0,0,0,0.007917,0
111000,0,0,0,0.00846,0,,0,0,0,0,0,0
111200,0,0,0.018706,0,0,,0,0,0,0,0,0
111400,0,0,0,0,0,,0,0,0,0,0,0
111600,0,0,0,0,0,,0,0.010754,0,0,0,0
111800,0,0,0,0,0,,0,0,0,0,0,0
112000,0,0,0,0,0,,0,0,0,0,0,0
112200,0,0,0,0,0,,0,0,0,0.012394,0,0.005097
112400,0,0,0,0,0,,0.019689,0,0.009558,0,0,0
112600,0,0,0,0,0,,0,0,0,0,0,0
112800,0,0,0,0.00846,0,,0,0,0,0,0,0
113000,0,0,0,0,0,,0,0.010754,0,0,0,0.005097
113200,0,0,0,0,0,,0,0,0,0,0,0
113400,0,0,0,0,0,,0,0,0,0,0,0
113600,0,0,0,0,0,,0,0,0,0,0,0
113800,0.014421,0,0,0.00846,0,,0,0,0,0,0,0
114000,0.014421,0,0,0,0,,0,0,0,0,0,0
114200,0,0,0,0,0,,0,0,0,0,0,0
114400,0,0,0,0,0,,0,0,0,0,0,0
114600,0.014421,0,0,0,0,,0,0,0,0,0,0
114800,0,0,0,0,0,,0.019689,0,0,0,0,0
115000,0,0,0,0,0,,0,0.010754,0,0,0,0
115200,0,0,0,0,0,,0,0,0,0,0,0
115400,0,0.008022,0,0,0,,0,0,0,0,0,0.005097
115600,0,0,0,0,0,,0,0.010754,0,0,0,0
115800,0,0,0,0,0,,0,0,0,0,0,0.005097
116000,0,0,0,0,0,,0.019689,0,0,0,0,0
116200,0,0,0,0,0,,0.019689,0,0.009558,0,0,0
116400,0,0,0,0,0,,0,0.010754,0,0,0,0
116600,0,0,0,0,0,,0,0,0,0,0,0
116800,0,0,0,0,0,,0,0,0,0,0,0
117000,0,0,0,0,0,,0,0,0,0,0,0.005097
117200,0,0,0,0,0,,0,0,0,0,0,0
117400,0,0,0,0,0,,0.019689,0,0,0,0.007917,0
117600,0,0,0,0,0,,0,0,0,0,0,0
117800,0,0.008022,0,0,0,,0,0,0,0,0,0
118000,0,0,0,0,0,,0,0,0,0,0,0
118200,0,0,0,0,0,,0,0,0,0,0,0
118400,0.014421,0,0,0,0,,0,0,0,0,0.007917,0
118600,0,0.008022,0.018706,0,0,,0,0,0,0,0,0
118800,0,0,0,0,0,,0,0,0,0,0,0
119000,0,0,0,0,0,,0,0,0,0,0,0
119200,0,0,0,0,0,,0,0,0,0,0,0
119400,0,0.008022,0.018706,0,0,,0,0,0,0,0,0
119600,0,0,0,0,0,,0,0,0,0,0.007917,0
119800,0,0,0,0,0,,0,0,0,0,0.007917,0
120000,0.014421,0,0,0,0,,0,0,0,0,0.007917,0
120200,0,0,0,0,0,,0,0,0,0,0,0
120400,0,0,0,0,0,,0,0,0,0,0,0
120600,0,0,0,0,0,,0,0,0,0,0,0
120800,0,0,0,0,0,,0,0,0,0,0,0
121000,0,0.008022,0,0,0,,0,0,0,0,0,0
121200,0,0,0,0,0,,0,0,0,0,0.007917,0
121400,0.014421,0,0,0,0,,0,0,0,0,0,0
121600,0.014421,0,0,0,0,,0,0,0,0,0,0
121800,0,0,0,0,0,,0,0,0,0,0,0
122000,0,0,0,0,0,,0,0,0,0,0,0
122200,0,0,0,0,0,,0,0,0,0,0,0
122400,0,0,0,0,0,,0,0,0,0,0,0
122600,0,0,0,0,0,,0,0,0,0,0,0
122800,0.014421,0,0,0,0,,0,0,0,0,0,0
123000,0,0,0,0,0,,0,0,0,0,0.007917,0
123200,0,0.008022,0,0,0,,0,0,0,0,0,0
123400,0,0,0.018706,0,0,,0,0,0,0,0,0
123600,0,0,0,0,0,,0,0,0,0,0.007917,0
123800,0,0,0,0,0,,0,0,0,0,0,0
124000,0,0,0,0,0,,0,0,0,0,0,0
124200,0,0,0,0,0,,0,0,0,0,0,0
124400,0,0,0,0,0,,0,0,0,0,0,0
124600,0,0,0,0,0,,0,0,0,0,0,0.005097
124800,0,0,0,0,0,,0,0,0.009558,0,0,0.005097
125000,0,0,0,0,0,,0,0,0,0,0,0.005097
125200,0,0,0,0,0,,0,0,0,0,0,0
125400,0,0,0,0,0,,0,0,0,0,0,0
125600,0,0,0,0,0,,0,0,0,0,0,0
125800,0,0,0,0,0,,0,0,0,0,0,0
126000,0,0,0,0.00846,0,,0,0,0,0,0,0
126200,0,0,0,0.00846,0,,0,0,0,0,0,0
126400,0.014421,0,0,0,0,,0,0,0,0,0,0
126600,0,0,0,0,0,,0,0,0,0,0.007917,0.005097
126800,0,0,0,0,0,,0,0,0,0,0,0.005097
127000,0,0,0,0,0,,0,0,0,0,0,0.005097
127200,0,0,0,0,0,,0.019689,0,0,0,0,0
127400,0,0,0,0,0,,0,0.010754,0,0,0,0.005097
127600,0,0,0,0,0,,0,0,0,0,0,0
127800,0,0,0,0,0,,0.019689,0,0,0,0,0
128000,0,0,0,0,0,,0,0,0,0,0,0
128200,0,0,0,0,0,,0,0,0.009558,0,0,0
128400,0,0,0,0,0,,0,0,0,0,0,0
128600,0,0,0,0,0,,0,0,0,0,0,0
128800,0,0.008022,0,0,0,,0,0,0,0,0,0
129000,0,0,0,0,0,,0,0,0,0,0,0
129200,0,0,0,0,0,,0,0,0,0,0,0
129400,0,0,0,0,0,,0,0,0,0,0,0
129600,0,0,0,0,0,,0,0,0,0,0.007917,0
129800,0,0,0,0,0,,0,0,0,0.012394,0,0
130000,0,0,0,0,0,,0,0,0,0,0,0
130200,0,0,0,0.00846,0,,0,0,0,0,0,0.005097
130400,0,0,0,0,0,,0,0,0,0,0,0
130600,0,0,0,0,0,,0,0,0,0,0,0
130800,0,0,0,0,0,,0,0,0,0,0,0
131000,0,0,0,0.016921,0,,0,0,0,0,0,0.005097
131200,0,0,0,0,0,,0,0,0,0,0.015833,0
131400,0,0,0,0,0,,0,0,0,0,0,0
131600,0,0,0,0,0,,0,0,0,0,0,0
131800,0,0,0,0,0,,0,0,0,0,0,0
132000,0,0,0,0.00846,0,,0,0,0,0,0,0
132200,0,0.008022,0,0,0,,0,0,0,0,0,0
132400,0,0,0,0,0,,0.019689,0,0,0,0,0
132600,0,0,0,0,0,,0,0,0,0,0,0
132800,0,0,0,0,0,,0,0,0,0,0,0
133000,0,0,0,0,0,,0,0,0,0,0,0
133200,0,0,0,0,0,,0,0,0,0,0,0
133400,0,0,0,0.00846,0,,0,0,0,0,0,0
133600,0,0,0,0,0,,0,0,0,0,0,0.005097
133800,0.014421,0,0,0,0,,0,0,0,0,0,0
134000,0,0,0,0,0.013483,,0,0,0,0,0,0
134200,0,0,0,0,0,,0,0,0,0,0,0
134400,0,0,0,0,0,,0,0,0,0,0,0
134600,0,0,0,0,0,,0,0,0,0,0,0
134800,0,0,0.018706,0,0,,0,0,0,0,0,0
135000,0,0,0.018706,0,0,,0,0,0,0,0,0
135200,0,0,0,0,0,,0,0.010754,0,0,0,0
135400,0,0,0,0,0,,0,0,0,0,0,0
135600,0,0,0,0,0,,0,0,0,0,0,0
135800,0,0,0,0,0,,0,0,0,0,0,0
136000,0,0,0,0,0,,0,0,0,0,0,0
136200,0,0,0,0,0,,0,0,0,0,0,0
136400,0,0,0,0,0,,0,0.010754,0,0,0,0.005097
136600,0,0,0,0,0,,0,0,0,0,0,0
136800,0.014421,0,0,0,0,,0,0,0,0,0,0
137000,0,0,0,0,0,,0,0,0,0,0.007917,0
137200,0,0,0.018706,0,0,,0,0,0,0,0,0
137400,0,0,0,0.00846,0,,0,0,0,0,0,0
137600,0.014421,0,0,0,0,,0,0,0,0,0,0
137800,0,0,0,0,0,,0,0,0,0,0,0
138000,0,0.008022,0,0,0,,0,0,0,0,0,0
138200,0.014421,0,0,0,0,,0,0.010754,0,0,0,0
138400,0,0,0,0,0,,0,0,0,0,0,0
138600,0,0.008022,0,0,0,,0,0,0,0,0,0
138800,0,0,0,0,0,,0,0,0,0,0,0
139000,0,0,0,0,0,,0,0,0,0,0,0
139200,0,0.008022,0,0,0,,0,0,0,0,0,0
139400,0,0,0,0,0,,0,0,0,0,0,0
139600,0,0,0,0,0,,0,0,0,0,0,0
139800,0,0,0,0,0,,0,0,0,0,0,0
140000,0,0,0,0,0,,0,0,0,0,0,0
140200,0,0,0,0,0,,0,0,0,0,0.007917,0
140400,0,0,0,0,0,,0,0,0,0,0,0
140600,0.014421,0,0,0,0,,0,0,0,0,0,0
140800,0,0,0,0,0,,0,0,0,0,0,0
141000,0,0,0,0,0,,0,0,0,0,0,0.005097
141200,0,0,0,0,0,,0,0,0,0,0,0.005097
141400,0,0,0,0,0,,0,0,0,0,0,0
141600,0,0,0,0,0,,0,0,0,0.012394,0,0
141800,0,0,0,0,0,,0,0,0,0.012394,0,0
142000,0,0,0,0,0,,0,0,0,0,0,0
142200,0,0,0,0,0,,0,0,0,0,0,0
142400,0,0,0,0,0,,0,0,0,0,0,0
142600,0,0,0,0,0,,0,0,0,0,0,0
142800,0,0,0,0,0,,0,0,0,0,0,0
143000,0,0,0,0,0,,0,0,0,0,0,0
143200,0,0,0,0,0,,0,0,0,0,0,0
143400,0,0,0,0.00846,0,,0,0,0,0,0,0
143600,0,0,0,0,0,,0,0,0,0,0,0
143800,0,0,0,0,0,,0,0,0,0,0,0
144000,0,0,0,0,0,,0,0,0,0,0,0
144200,0,0,0,0,0,,0,0,0,0,0,0
144400,0,0.008022,0,0,0,,0,0,0,0,0,0
144600,0,0,0,0,0,,0,0,0,0,0,0
144800,0,0.008022,0,0,0,,0,0,0,0,0,0
145000,0,0,0,0,0,,0,0,0,0,0,0
145200,0,0,0,0,0,,0,0,0,0,0.007917,0
145400,0,0,0,0,0,,0,0,0,0,0,0
145600,0,0,0,0,0,,0,0,0,0,0,0
145800,0,0,0,0,0,,0,0,0,0,0,0
146000,0,0,0,0,0,,0,0,0,0,0,0
146200,0,0,0,0,0,,0,0,0,0,0,0
146400,0,0.008022,0.018706,0,0,,0,0,0,0,0,0
146600,0,0,0,0,0,,0,0,0,0,0,0
146800,0,0,0,0,0,,0,0,0,0,0,0
147000,0,0,0,0,0,,0,0,0,0,0,0
147200,0,0,0,0,0,,0,0,0,0,0,0
147400,0,0,0,0,0,,0,0,0.009558,0,0,0
147600,0,0,0,0,0,,0,0,0,0,0,0
147800,0,0,0,0,0,,0,0,0,0,0.007917,0
148000,0,0,0,0,0,,0,0,0,0,0,0
148200,0,0,0,0,0,,0,0,0,0,0,0
148400,0,0,0,0,0,,0,0,0,0,0,0
148600,0,0,0.018706,0,0,,0,0,0,0,0,0
148800,0,0,0,0,0,,0,0,0,0,0,0
149000,0,0,0,0,0,,0,0,0,0,0,0
149200,0,0,0,0.00846,0,,0,0,0,0,0,0
149400,0.014421,0,0,0,0,,0,0,0,0,0.007917,0
149600,0,0,0,0,0,,0,0,0,0,0,0
149800,0,0,0,0,0,,0,0,0,0,0,0
150000,0,0,0,0,0,,0,0,0,0,0,0
150200,0,0,0,0,0,,0,0,0,0,0,0
150400,0,0,0,0,0,,0,0,0,0,0,0
150600,0,0,0,0,0,,0,0,0,0,0,0
150800,0,0.008022,0,0,0,,0,0,0,0,0,0
151000,0,0,0,0,0,,0,0,0,0,0,0
151200,0,0,0,0.00846,0,,0,0,0,0,0.007917,0
151400,0,0,0,0,0,,0,0,0,0,0,0
151600,0,0,0,0,0,,0,0,0,0,0,0
151800,0,0,0,0,0,,0,0,0,0,0,0
152000,0,0,0,0,0,,0,0,0,0,0,0
152200,0,0,0,0,0,,0,0,0,0,0,0
152400,0,0,0,0,0,,0,0,0.009558,0,0,0.005097
152600,0,0,0,0,0,,0,0.010754,0,0,0,0.005097
152800,0,0,0,0,0,,0,0,0,0,0,0
153000,0,0,0,0,0,,0,0,0,0,0,0
153200,0,0,0,0,0,,0,0,0,0,0,0
153400,0,0,0,0,0,,0,0,0,0,0,0
153600,0,0,0,0,0,,0,0,0,0,0,0
153800,0,0,0,0,0,,0,0,0,0,0,0
154000,0,0,0,0,0,,0,0,0,0,0,0
154200,0,0,0,0,0,,0,0,0,0,0,0
154400,0,0,0,0,0,,0,0,0,0,0.007917,0
154600,0,0,0,0.00846,0,,0,0,0,0,0,0
154800,0,0.008022,0,0,0,,0,0,0,0,0,0
155000,0,0,0,0,0,,0,0,0,0,0,0
155200,0,0,0,0,0,,0,0,0,0,0,0
155400,0,0,0,0,0,,0.019689,0,0,0,0,0.010193
155600,0,0,0,0,0,,0,0,0,0,0,0
155800,0,0,0,0,0,,0,0,0,0,0,0
156000,0,0,0,0,0,,0,0,0,0,0,0
156200,0,0.008022,0,0,0,,0,0,0,0,0,0
156400,0.014421,0,0,0,0,,0,0,0,0,0,0
156600,0,0,0,0.00846,0,,0,0,0,0,0,0
156800,0,0.008022,0,0,0,,0,0,0,0,0,0
157000,0,0,0,0,0,,0,0,0,0,0.007917,0
157200,0,0,0,0,0,,0,0,0,0,0,0
157400,0,0,0,0,0,,0,0,0,0,0,0
157600,0,0,0,0,0,,0,0,0,0,0,0
157800,0,0,0,0,0,,0,0,0,0,0,0
158000,0,0,0,0,0,,0,0,0,0,0,0
158200,0.014421,0,0,0,0,,0,0,0,0,0,0
158400,0,0,0,0,0,,0,0,0,0,0,0.005097
158600,0.014421,0,0,0,0,,0,0,0,0,0,0.005097
158800,0,0.008022,0,0,0,,0,0,0,0,0,0
159000,0,0,0,0,0,,0,0,0,0,0,0
159200,0,0,0,0,0,,0,0,0,0,0,0.005097
159400,0,0.008022,0,0,0,,0,0,0,0,0,0
159600,0,0,0,0,0,,0,0,0,0,0,0
159800,0,0,0,0,0,,0,0,0,0,0,0
160000,0,0,0,0,0,,0,0,0,0,0,0
160200,0,0,0,0,0,,0,0,0,0,0,0
160400,0,0,0,0,0,,0,0,0,0,0,0
160600,0,0,0,0,0,,0,0,0,0,0,0
160800,0,0,0,0,0,,0,0,0,0,0,0
161000,0,0,0,0,0,,0,0,0,0,0,0
161200,0,0,0,0,0,,0,0,0,0,0,0
161400,0,0,0,0,0,,0,0,0,0,0,0
161600,0,0,0,0,0,,0,0,0,0,0,0
161800,0,0,0,0,0,,0,0,0,0,0,0
162000,0,0,0,0,0,,0,0,0,0,0,0
162200,0,0.008022,0,0,0,,0,0,0,0,0,0
162400,0,0,0,0,0,,0,0,0,0,0,0.005097
162600,0,0,0,0,0,,0,0,0,0,0,0
162800,0,0,0,0,0,,0,0,0,0,0,0
163000,0,0,0,0,0,,0,0,0,0,0,0
163200,0,0,0,0,0,,0,0,0,0,0,0
163400,0,0,0,0,0,,0,0,0,0,0,0
163600,0,0,0,0,0,,0,0,0,0,0,0
163800,0,0,0,0.00846,0,,0,0,0,0,0,0
164000,0,0,0,0,0,,0,0,0,0,0.007917,0
164200,0,0,0,0,0,,0,0,0,0,0,0
164400,0,0,0,0,0,,0,0,0,0,0,0
164600,0,0,0,0,0,,0,0,0,0,0,0
164800,0,0,0,0,0,,0,0,0,0,0,0
165000,0.014421,0,0,0,0,,0,0,0,0,0,0
165200,0,0,0,0,0,,0,0,0,0,0,0
165400,0.014421,0,0,0,0,,0,0,0,0,0,0
165600,0.014421,0.008022,0,0,0,,0,0,0,0,0,0
165800,0,0.008022,0,0,0,,0,0,0,0,0,0.005097
166000,0,0.008022,0,0,0,,0,0,0,0,0,0
166200,0,0,0,0,0,,0,0,0,0,0,0
166400,0,0,0,0,0,,0,0,0,0,0,0
166600,0,0,0,0,0,,0,0,0,0,0,0
166800,0,0,0,0,0,,0,0,0,0,0,0.005097
167000,0,0,0,0,0,,0,0,0,0,0,0
167200,0,0,0,0,0,,0,0,0,0,0,0
167400,0,0,0,0,0,,0,0,0,0,0,0
167600,0,0,0,0,0,,0,0,0,0,0,0
167800,0,0,0,0,0,,0,0,0,0,0,0
168000,0,0,0.018706,0,0,,0,0,0,0,0,0
168200,0,0,0,0,0,,0,0,0,0,0,0
168400,0,0,0,0,0,,0,0,0,0,0,0
168600,0,0,0,0,0,,0,0,0,0,0,0
168800,0,0,0,0,0,,0,0,0,0,0,0
169000,0,0,0,0,0,,0,0,0,0,0,0
169200,0,0,0,0,0,,0,0,0,0,0,0
169400,0,0.008022,0,0,0,,0,0,0,0,0,0
169600,0,0,0,0,0,,0,0,0,0,0,0
169800,0,0,0,0,0,,0,0,0,0,0,0
170000,0,0,0,0,0,,0,0,0,0,0,0
170200,0,0,0,0,0,,0,0,0,0,0,0
170400,0,0,0,0,0,,0,0,0,0,0,0
170600,0,0,0,0,0,,0,0,0,0,0,0
170800,0,0,0,0,0,,0,0,0,0,0,0
171000,0,0,0,0,0,,0,0,0,0,0,0
171200,0,0,0,0,0,,0,0,0,0,0,0
171400,0,0,0,0,0,,0,0,0,0,0,0
171600,0,0,0,0,0,,0,0,0,0,0,0
171800,0,0,0,0.00846,0,,0,0,0,0,0,0
172000,0,0,0,0,0,,0,0,0,0,0,0
172200,0,0,0,0,0,,0,0,0,0.012394,0.007917,0
172400,0,0,0,0,0,,0,0,0,0,0,0
172600,0,0,0,0,0,,0,0,0,0,0,0
172800,0,0,0,0,0,,0,0,0,0,0,0
173000,0,0,0,0,0,,0,0,0,0,0,0
173200,0,0,0,0,0,,0,0,0,0,0,0
173400,0,0,0,0,0,,0,0,0,0,0,0
173600,0,0,0,0,0,,0,0,0,0,0,0
173800,0,0,0,0,0,,0,0,0,0,0,0
174000,0,0,0,0,0,,0,0,0,0.012394,0,0
174200,0,0,0,0,0,,0,0,0,0,0,0
174400,0,0,0,0,0,,0,0,0,0,0,0
174600,0,0,0,0,0,,0,0,0,0,0,0
174800,0,0,0,0,0,,0,0,0,0,0.007917,0
175000,0,0,0,0,0,,0,0,0,0,0,0
175200,0,0,0,0,0,,0,0,0,0,0,0
175400,0,0,0,0,0,,0,0,0,0,0,0
175600,0,0,0,0,0,,0,0,0,0,0,0
175800,0,0,0,0,0,,0,0,0.009558,0,0,0
176000,0,0,0,0,0,,0,0,0,0,0,0
176200,0,0,0,0,0,,0,0,0,0,0,0
176400,0,0,0,0,0,,0,0,0,0,0,0
176600,0,0,0,0,0,,0,0,0,0,0,0
176800,0,0,0,0,0,,0,0,0,0,0,0
177000,0,0,0,0,0,,0,0,0,0,0,0
177200,0,0.008022,0,0,0,,0,0,0,0,0.007917,0
177400,0,0,0.018706,0,0,,0,0,0,0,0,0
177600,0,0.008022,0,0,0,,0,0,0,0,0,0
177800,0,0,0,0,0,,0.019689,0,0,0,0,0
178000,0,0,0,0,0,,0,0,0,0,0,0
178200,0,0,0,0,0,,0,0,0,0,0,0
178400,0,0,0,0,0,,0,0,0,0,0,0
178600,0,0,0,0,0,,0,0,0,0,0,0
178800,0,0,0,0,0,,0,0,0,0,0,0
179000,0,0,0,0,0,,0,0,0,0,0,0
179200,0,0,0,0,0,,0,0,0,0.012394,0,0
179400,0,0,0,0,0,,0,0,0,0,0,0
179600,0,0.008022,0,0,0,,0,0,0,0,0,0
179800,0,0,0,0,0,,0,0,0,0,0,0
180000,0,0,0,0,0,,0,0,0,0,0,0
180200,0,0,0,0,0,,0,0,0,0,0,0
180400,0,0,0,0,0,,0,0,0,0,0,0
180600,0,0,0,0,0,,0,0,0,0,0,0
180800,0,0,0,0,0,,0,0,0,0,0,0
181000,0,0,0,0,0,,0,0,0,0,0,0
181200,0,0,0,0,0,,0,0,0,0,0,0
181400,0,0,0,0,0,,0,0,0,0,0,0
181600,0,0,0,0,0,,0,0,0,0,0,0
181800,0,0,0,0,0,,0,0,0,0,0,0
182000,0,0,0,0,0,,0,0,0,0,0,0
182200,0,0,0,0,0,,0,0,0,0,0,0
182400,0,0,0,0,0,,0,0,0,0,0,0
182600,0,0,0,0,0,,0,0,0,0,0,0
182800,0,0,0,0,0,,0,0,0,0,0,0
183000,0,0,0,0,0,,0,0,0,0,0,0
183200,0,0,0,0,0,,0,0,0,0,0,0
183400,0,0,0,0,0,,0,0,0,0,0,0
183600,0,0,0,0,0,,0.019689,0,0,0,0,0
183800,0,0,0,0,0,,0,0,0,0,0.007917,0
184000,0,0,0,0,0,,0,0,0,0,0,0
184200,0,0,0,0,0,,0,0,0,0,0,0
184400,0,0,0,0,0,,0,0,0,0,0,0
184600,0,0,0,0,0,,0,0,0,0.012394,0,0
184800,0,0,0,0,0,,0,0,0,0,0,0
185000,0,0,0,0,0,,0,0,0,0,0,0
185200,0,0,0,0,0,,0,0,0,0,0,0
185400,0,0,0,0,0,,0,0,0,0,0,0
185600,0,0,0,0,0,,0,0,0,0,0,0
185800,0,0,0,0,0,,0,0,0,0,0,0.005097
186000,0,0,0,0,0,,0,0,0,0,0.007917,0.005097
186200,0.014421,0,0,0,0,,0,0,0,0,0,0
186400,0,0,0,0,0,,0,0,0,0,0,0
186600,0,0,0,0.00846,0,,0,0,0,0,0,0
186800,0,0,0,0,0,,0,0,0,0,0,0
187000,0,0,0,0.00846,0,,0,0,0,0,0,0
187200,0,0.008022,0,0,0,,0,0,0.009558,0,0,0
187400,0,0,0,0,0,,0,0,0,0,0,0
187600,0,0,0,0,0,,0,0,0,0,0,0
187800,0,0,0,0,0,,0,0,0,0,0,0
188000,0,0,0,0,0,,0,0,0,0,0.007917,0
188200,0,0,0,0,0,,0,0,0,0,0,0
188400,0,0,0,0,0,,0,0,0,0,0,0
188600,0,0,0,0,0,,0,0,0,0,0,0
188800,0,0,0,0,0,,0,0,0,0,0,0
189000,0,0,0,0,0,,0,0,0,0,0,0
189200,0,0,0,0,0,,0,0,0,0,0,0
189400,0,0,0,0,0,,0,0,0,0,0,0
189600,0,0,0,0,0,,0,0,0,0,0,0
189800,0,0,0,0,0,,0,0,0,0,0,0
190000,0,0,0,0,0,,0,0,0,0,0.007917,0
190200,0,0,0,0,0,,0,0,0,0,0.007917,0.005097
190400,0,0,0,0,0,,0,0,0,0,0,0
190600,0,0,0,0,0,,0,0,0,0,0,0
190800,0,0,0,0,0,,0,0,0,0,0,0
191000,0,0,0,0,0,,0,0,0.009558,0,0,0
191200,0,0,0,0,0,,0,0,0,0,0,0
191400,0.014421,0,0,0,0,,0,0,0,0,0,0
191600,0,0,0,0,0,,0,0,0,0,0,0
191800,0,0,0,0,0,,0,0,0,0,0.007917,0
192000,0,0,0,0,0,,0,0,0,0,0,0
192200,0,0,0,0,0,,0,0,0,0,0,0
192400,0,0,0,0,0,,0,0,0,0,0,0
192600,0,0,0,0,0,,0,0,0,0,0,0
192800,0,0,0,0,0,,0,0,0,0,0,0
193000,0,0,0,0,0,,0,0,0,0,0,0
193200,0,0,0,0,0,,0,0,0,0,0,0
193400,0,0,0,0,0,,0,0,0,0,0,0
193600,0,0,0,0,0,,0,0,0,0,0,0
193800,0,0,0,0,0,,0,0,0,0,0,0
194000,0,0,0,0,0,,0,0,0,0,0,0
194200,0,0,0,0,0,,0,0,0,0,0,0
194400,0,0,0,0,0,,0,0,0,0,0,0
194600,0,0,0,0,0,,0,0,0,0,0,0
194800,0,0,0,0,0,,0,0,0,0,0,0
195000,0,0,0,0,0,,0,0,0,0,0,0
195200,0.014421,0,0,0,0,,0,0,0,0,0,0
195400,0,0,0,0,0,,0,0,0,0,0,0
195600,0,0,0,0,0,,0,0,0,0,0,0
195800,0,0,0,0,0,,0,0,0,0,0,0
196000,0,0,0,0,0,,0,0,0,0,0,0
196200,0,0,0,0,0,,0,0,0,0,0,0
196400,0,0,0,0,0,,0,0,0,0,0,0
196600,0,0,0,0,0,,0,0,0,0,0,0
196800,0,0,0,0,0,,0,0,0,0,0,0
197000,0,0,0,0,0,,0,0,0,0,0,0
197200,0,0,0,0,0,,0,0,0,0,0,0
197400,0,0,0,0,0,,0,0,0,0,0,0
197600,0,0,0,0,0,,0,0,0,0,0,0
197800,0,0,0,0,0,,0,0,0,0,0,0
198000,0,0,0,0,0,,0,0,0,0,0,0
198200,0,0,0,0,0,,0,0,0,0,0,0
198400,0,0,0,0,0,,0,0,0,0,0,0.005097
198600,0,0,0,0,0,,0,0,0,0,0,0
198800,0,0,0,0,0,,0,0,0,0,0,0
199000,0,0,0,0,0,,0,0,0,0,0,0
199200,0,0,0,0,0,,0,0,0,0,0,0
199400,0,0,0,0,0,,0,0,0,0,0,0
199600,0,0,0,0,0,,0,0,0,0,0,0
199800,0,0,0,0,0,,0,0,0,0,0,0
200000,0,0,0,0,0,,0,0,0,0,0,0
200200,0,0,0,0,0,,0,0,0.009558,0,0,0
200400,0,0,0,0,0,,0,0,0,0,0,0
200600,0,0,0,0,0,,0,0,0.009558,0,0,0.005097
200800,0,0,0,0,0,,0,0,0,0,0,0
201000,0,0,0,0,0,,0,0,0,0,0,0
201200,0,0,0,0,0,,0,0,0,0,0,0.005097
201400,0,0,0,0,0,,0,0,0,0,0,0
201600,0,0,0,0,0,,0,0,0,0,0,0
201800,0,0,0,0,0,,0,0,0,0,0,0
202000,0,0,0,0,0,,0,0,0,0,0,0
202200,0,0,0,0,0,,0,0,0,0,0,0
202400,0,0,0,0,0,,0,0,0,0,0,0
202600,0,0,0,0,0,,0,0,0,0,0,0
202800,0,0,0,0,0,,0,0,0,0,0,0
203000,0,0,0,0,0,,0,0,0.009558,0,0,0
203200,0,0,0,0,0,,0,0,0,0,0,0
203400,0,0,0,0,0,,0,0,0,0,0,0
203600,0,0,0,0,0,,0,0,0,0,0,0
203800,0,0,0,0,0,,0,0,0,0,0,0
204000,0,0,0,0,0,,0,0,0,0,0,0
204200,0,0,0,0,0,,0,0,0,0,0,0
204400,0,0,0,0,0,,0,0,0,0,0,0
204600,0,0,0,0,0,,0,0,0,0,0,0
204800,0,0,0,0,0,,0,0,0,0,0,0
205000,0,0,0,0,0,,0,0,0,0,0,0
205200,0,0,0,0,0,,0,0,0,0,0,0
205400,0,0,0,0,0,,0,0,0,0,0,0
205600,0,0,0,0,0,,0,0,0,0,0,0
205800,0,0,0,0.00846,0,,0.019689,0,0,0,0,0
206000,0,0,0,0,0,,0,0,0,0,0,0
206200,0,0,0,0,0,,0,0,0,0,0,0
206400,0,0,0,0,0,,0,0,0,0,0,0
206600,0,0,0,0,0,,0,0,0,0,0,0
206800,0,0,0,0,0,,0,0,0,0,0,0
207000,0,0,0,0,0,,0,0,0,0,0,0
207200,0,0,0,0,0,,0,0,0,0,0,0
207400,0,0,0,0.00846,0,,0,0,0,0,0,0
207600,0,0,0,0,0,,0,0,0,0,0,0
207800,0,0.008022,0,0,0,,0,0,0,0,0,0
208000,0,0,0,0,0,,0,0,0,0,0,0
208200,0,0,0,0,0,,0,0,0,0,0,0
208400,0,0,0,0,0,,0,0,0,0,0,0
208600,0,0,0,0.00846,0,,0,0,0,0,0,0
208800,0,0,0,0,0,,0,0,0,0,0,0
209000,0,0,0,0,0,,0,0,0,0,0,0
209200,0,0,0,0,0,,0,0,0,0,0,0
209400,0,0,0,0,0,,0,0,0,0,0,0.005097
209600,0,0.008022,0,0,0,,0,0,0,0,0,0
209800,0,0,0,0,0,,0,0,0,0,0,0
210000,0,0.008022,0,0,0,,0,0,0,0,0,0
210200,0,0,0,0,0,,0,0,0,0,0,0
210400,0,0,0,0,0,,0,0,0,0,0,0
210600,0,0,0,0,0,,0,0,0,0,0,0
210800,0,0,0,0,0,,0,0,0,0,0,0
211000,0,0,0,0,0,,0,0,0,0,0,0
211200,0,0,0,0,0,,0,0,0,0,0,0
211400,0,0,0,0,0,,0,0,0,0,0,0
211600,0,0,0,0,0,,0,0,0,0,0,0
211800,0,0,0,0,0,,0,0,0,0,0,0
212000,0,0,0,0,0,,0,0,0,0,0,0
212200,0,0,0,0,0,,0,0,0,0,0,0
212400,0,0,0,0,0,,0,0,0,0,0,0
212600,0,0,0,0,0,,0,0,0,0,0,0
212800,0,0,0,0,0,,0,0,0,0,0,0
213000,0,0,0,0,0,,0,0,0,0,0,0
213200,0,0,0,0,0,,0,0,0,0,0,0
213400,0,0,0,0,0,,0,0,0,0,0,0
213600,0,0,0,0.00846,0,,0,0,0,0,0,0
213800,0,0,0,0,0,,0,0,0,0,0,0
214000,0,0,0,0,0,,0,0,0,0,0,0
214200,0,0,0,0,0,,0,0,0,0,0,0
214400,0,0,0,0,0,,0,0,0,0,0,0
214600,0,0,0,0,0,,0,0,0,0,0,0
214800,0,0,0,0,0,,0,0,0,0,0,0
215000,0,0,0,0,0,,0,0,0,0,0,0
215200,0,0,0,0,0,,0,0,0,0,0,0
215400,0,0,0,0,0,,0,0,0,0,0,0
215600,0,0,0,0,0,,0,0,0,0,0,0.005097
215800,0,0,0,0,0,,0,0,0,0,0,0
216000,0,0,0,0,0,,0,0,0,0,0,0
216200,0,0.008022,0,0,0,,0,0,0,0,0,0
216400,0,0,0,0,0,,0,0,0,0,0,0
216600,0,0,0,0,0,,0,0,0,0,0,0
216800,0,0,0,0,0,,0.019689,0,0,0,0,0
217000,0,0,0,0,0,,0,0,0,0,0,0
217200,0,0,0,0,0,,0,0,0,0,0,0
217400,0,0,0,0,0,,0,0,0,0,0,0
217600,0,0,0,0,0,,0,0,0,0,0,0
217800,0,0,0,0,0,,0,0,0,0,0,0
218000,0,0,0,0,0,,0,0,0,0,0,0
218200,0,0,0,0,0,,0,0,0,0,0,0
218400,0,0,0,0,0,,0,0,0,0,0,0
218600,0,0,0,0,0,,0,0,0,0,0,0
218800,0,0,0,0,0,,0,0,0,0,0,0
219000,0,0,0,0,0,,0,0,0,0,0,0
219200,0,0,0,0,0,,0,0,0,0,0,0
219400,0,0,0,0,0,,0,0,0,0,0,0
219600,0,0,0,0,0,,0,0,0,0,0,0
219800,0,0,0,0,0,,0,0,0,0,0,0
220000,0,0,0,0,0,,0,0,0,0,0,0
220200,0,0,0,0,0,,0,0,0,0,0,0
220400,0,0,0,0,0,,0,0,0,0,0.007917,0
220600,0.014421,0,0,0,0,,0,0,0,0,0,0
220800,0,0,0,0,0,,0,0,0,0,0,0
221000,0,0,0,0,0,,0,0,0,0,0,0
221200,0,0,0,0,0,,0,0,0,0,0,0
221400,0,0,0,0,0,,0,0,0,0,0,0
221600,0,0,0,0,0,,0,0,0,0,0,0
221800,0,0,0,0.00846,0,,0,0,0,0,0,0
222000,0,0,0,0,0,,0,0,0,0,0,0
222200,0,0,0.018706,0,0,,0,0,0,0,0,0
222400,0,0,0,0,0,,0,0,0,0,0,0
222600,0,0,0,0,0,,0,0,0,0,0,0
222800,0,0,0,0,0,,0,0,0,0,0,0
223000,0,0,0,0,0,,0,0,0,0,0,0
223200,0,0,0,0,0,,0,0,0,0,0,0.005097
223400,0,0,0,0,0,,0,0,0,0,0,0
223600,0,0,0,0,0,,0,0,0,0,0,0
223800,0,0.008022,0,0,0,,0,0,0,0,0,0
224000,0,0,0,0,0,,0,0,0,0,0,0
224200,0,0,0,0,0,,0,0,0,0,0,0
224400,0,0,0,0,0,,0,0,0,0,0,0
224600,0,0,0,0,0,,0,0,0,0,0,0
224800,0,0,0,0,0,,0,0,0,0,0,0
225000,0,0,0,0,0,,0,0,0,0,0,0
225200,0,0,0,0,0,,0,0,0,0,0,0
225400,0,0,0,0,0,,0,0,0,0,0,0
225600,0,0,0,0,0,,0,0,0,0,0,0
225800,0,0,0,0,0,,0,0,0,0,0,0
226000,0.014421,0,0,0.00846,0,,0,0,0,0,0,0
226200,0,0,0,0,0,,0,0,0,0,0,0
226400,0,0,0,0,0,,0,0,0,0,0,0
226600,0,0,0,0,0,,0,0,0,0,0,0
226800,0,0,0,0,0,,0,0,0,0,0,0
227000,0,0,0,0,0,,0,0,0,0,0,0
227200,0,0,0,0,0,,0,0,0,0,0,0
227400,0,0,0,0,0,,0,0,0,0,0,0
227600,0,0,0,0,0,,0,0,0,0,0,0
227800,0,0,0,0,0,,0,0,0,0,0,0
228000,0,0,0,0,0,,0,0,0,0,0,0
228200,0,0,0,0,0,,0,0,0,0,0,0
228400,0,0,0,0,0,,0,0,0,0,0.007917,0
228600,0,0,0,0,0,,0,0,0,0,0,0
228800,0,0,0,0,0,,0,0,0,0,0,0
229000,0,0,0,0,0,,0,0,0,0,0,0
229200,0,0,0,0,0,,0,0,0,0,0,0.005097
229400,0,0,0,0,0,,0,0,0,0,0.007917,0
229600,0,0,0,0,0,,0,0,0,0,0,0
229800,0,0,0,0,0,,0,0,0,0,0,0
230000,0,0,0,0,0,,0,0,0,0,0,0
230200,0,0,0,0,0,,0,0,0,0,0,0
230400,0,0,0,0,0,,0,0,0,0,0,0
230600,0,0,0,0,0,,0,0,0,0,0,0
230800,0,0,0,0.00846,0,,0,0,0,0,0,0
231000,0,0,0,0,0,,0,0,0,0,0,0.005097
231200,0,0,0,0,0,,0,0,0,0,0,0
231400,0,0,0,0,0,,0,0,0,0,0,0
231600,0,0,0,0,0,,0,0,0,0,0,0
231800,0,0,0,0,0,,0,0,0,0,0,0
232000,0,0,0,0,0,,0,0,0,0,0,0
232200,0,0,0,0,0,,0,0,0,0,0,0
232400,0,0,0,0,0,,0,0,0,0,0,0
232600,0,0,0,0,0,,0,0,0,0,0,0
232800,0,0,0,0,0,,0,0,0,0,0,0
233000,0,0,0,0,0,,0,0,0,0,0,0
233200,0,0,0,0.00846,0,,0,0,0,0,0,0
233400,0,0,0,0,0,,0,0,0,0,0,0
233600,0,0,0,0,0,,0,0,0,0,0.007917,0
233800,0,0,0,0,0,,0,0.010754,0,0,0,0
234000,0,0,0,0,0,,0,0,0,0,0,0
234200,0,0,0,0,0,,0,0,0,0,0,0
234400,0,0,0,0,0,,0,0,0,0,0,0
234600,0,0,0,0.00846,0,,0,0,0,0,0,0
234800,0.014421,0,0,0,0,,0,0,0,0,0,0
235000,0,0,0,0,0,,0,0,0,0,0,0
235200,0,0,0,0,0,,0,0,0,0,0,0
235400,0,0,0,0,0,,0,0,0,0,0,0
235600,0,0,0,0,0,,0,0,0,0,0,0
235800,0,0,0,0,0,,0,0,0,0,0,0
236000,0,0,0,0,0,,0,0,0,0,0,0
236200,0,0,0,0,0,,0,0,0,0,0,0
236400,0,0,0,0,0,,0,0,0,0,0,0
236600,0,0,0,0,0,,0,0,0,0,0,0
236800,0,0,0,0,0,,0.019689,0,0,0,0,0
237000,0,0,0,0,0,,0,0,0,0,0,0
237200,0,0,0,0,0,,0,0,0,0,0,0
237400,0,0,0,0,0,,0,0,0,0,0,0
237600,0,0,0,0,0,,0,0,0,0,0,0
237800,0,0,0,0,0,,0,0,0,0,0.007917,0
238000,0,0,0,0,0,,0,0,0,0,0,0
238200,0,0,0.018706,0,0,,0,0,0,0,0,0
238400,0,0,0,0,0,,0,0,0,0,0,0
238600,0,0,0,0,0,,0,0,0,0,0,0
238800,0,0,0,0,0,,0,0,0,0,0,0
239000,0,0,0,0,0,,0,0,0,0,0,0
239200,0,0,0,0,0,,0,0,0,0,0,0
239400,0,0,0,0,0,,0,0,0,0,0,0
239600,0,0,0,0,0,,0,0,0,0,0,0
239800,0,0,0,0.00846,0,,0,0,0,0,0,0
240000,0,0,0,0,0,,0,0,0,0,0,0
240200,0,0,0,0,0,,0,0,0,0,0,0
240400,0,0,0,0,0,,0,0,0,0,0,0
240600,0,0,0,0,0,,0,0,0,0,0,0
240800,0,0,0,0,0,,0,0,0,0,0,0
241000,0,0,0,0,0,,0,0,0,0,0,0
241200,0,0.008022,0,0,0,,0,0,0,0,0,0
241400,0,0,0,0,0,,0,0,0,0,0,0
241600,0,0,0,0,0,,0,0,0,0,0,0
241800,0,0,0,0.00846,0,,0,0,0,0,0,0
242000,0,0,0,0,0,,0,0,0,0,0,0
242200,0,0,0,0,0,,0,0,0,0,0,0
242400,0,0,0,0,0,,0,0,0,0,0,0
242600,0,0,0,0,0,,0,0,0,0,0,0
242800,0,0,0,0,0,,0,0,0,0,0,0
243000,0,0,0,0,0,,0,0,0,0,0,0
243200,0,0,0,0,0,,0,0,0,0,0,0
243400,0,0,0,0,0,,0,0,0,0,0,0
243600,0,0,0,0,0,,0,0,0,0,0,0
243800,0,0,0,0,0,,0,0,0,0,0,0
244000,0,0,0,0,0,,0,0,0,0,0,0
244200,0,0,0,0,0,,0,0,0,0,0,0
244400,0,0,0,0.00846,0,,0,0,0,0,0,0
244600,0,0,0,0,0,,0,0,0,0,0,0
244800,0,0,0,0,0,,0,0,0,0,0,0
245000,0,0,0,0,0,,0,0,0,0,0,0
245200,0,0,0,0,0,,0,0,0,0,0,0
245400,0,0,0,0,0,,0,0,0,0,0,0
245600,0,0,0,0,0,,0,0,0,0,0,0
245800,0,0.008022,0,0,0,,0,0,0,0,0,0
246000,0,0,0,0,0,,0,0,0,0,0,0
246200,0,0,0,0,0,,0,0,0,0,0,0.005097
246400,0,0,0,0,0,,0,0,0,0,0,0
246600,0,0,0,0,0,,0,0,0,0,0,0.005097
246800,0,0,0,0,0,,0,0,0,0,0,0
247000,0,0,0,0,0,,0,0,0,0,0,0
247200,0,0,0,0,0,,0,0,0,0,0,0
247400,0,0,0,0,0,,0,0,0,0,0,0
247600,0,0,0,0,0,,0,0,0,0,0.007917,0
247800,0,0,0,0,0,,0,0,0,0,0,0
248000,0,0,0,0,0,,0,0,0,0,0,0
248200,0,0,0,0,0,,0,0,0,0,0,0
248400,0,0,0,0,0,,0,0,0,0,0,0
248600,0,0,0,0,0,,0,0,0,0,0,0
248800,0,0,0,0,0,,0,0,0,0,0,0
249000,0,0,0,0,0,,0,0,0,0,0,0
249200,0,0,0,0,0,,0,0,0,0,0,0
249400,0,0,0,0,0,,0,0,0,0,0,0
249600,0,0,0,0,0,,0,0,0,0,0,0
249800,0,0,0,0,0,,0,0,0,0,0.007917,0
250000,0,0,0,0,0,,0,0,0,0,0,0
250200,0,0,0,0,0,,0,0,0,0,0,0
250400,0.014421,0,0,0,0,,0,0,0,0,0,0
250600,0,0,0,0,0,,0,0,0,0,0,0
250800,0,0,0,0,0,,0,0,0,0,0,0
251000,0,0,0,0,0,,0,0,0,0,0,0
251200,0,0,0,0,0,,0,0,0,0,0,0
251400,0,0,0,0,0,,0,0,0,0,0,0
251600,0,0,0,0,0,,0,0,0,0,0,0
251800,0,0,0,0,0,,0,0,0,0,0,0
252000,0,0,0,0,0,,0,0,0,0,0,0
252200,0,0,0,0,0,,0,0,0,0,0,0
252400,0,0,0,0,0,,0,0,0,0,0,0
252600,0,0,0,0,0,,0,0,0,0,0,0
252800,0,0,0,0,0,,0,0,0,0,0,0
253000,0,0,0,0,0,,0,0,0,0,0,0
253200,0,0,0,0,0,,0,0,0,0,0,0
253400,0,0,0,0,0,,0,0,0,0,0,0
253600,0,0,0,0,0,,0,0,0,0,0,0
253800,0,0,0,0,0,,0,0,0,0,0,0
254000,0,0,0,0,0,,0.019689,0,0,0,0,0
254200,0,0,0,0,0,,0,0,0,0,0,0
254400,0,0,0,0,0,,0,0,0,0,0,0
254600,0,0,0,0,0,,0,0,0,0,0,0.005097
254800,0,0,0,0,0,,0,0,0,0,0,0
255000,0,0,0,0,0,,0,0,0,0,0,0
255200,0,0,0,0,0,,0,0,0,0,0,0.005097
255400,0,0,0,0,0,,0,0,0,0,0,0
255600,0,0,0,0.00846,0,,0,0,0,0,0,0
255800,0,0,0,0,0,,0,0,0,0,0,0
256000,0,0,0,0,0,,0,0,0,0,0,0
256200,0,0,0,0,0,,0,0,0,0,0,0
256400,0,0,0,0,0,,0,0,0,0,0,0
256600,0,0,0,0,0,,0,0,0,0,0,0
256800,0,0,0,0,0,,0,0,0,0,0,0
257000,0,0.008022,0,0,0,,0,0,0,0,0,0
257200,0,0,0,0,0,,0,0,0,0,0,0.005097
257400,0,0,0,0,0,,0,0,0,0,0,0
257600,0,0,0,0,0,,0,0,0,0,0,0
257800,0,0,0,0,0,,0,0,0,0,0,0
258000,0,0,0,0,0,,0,0,0,0,0,0
258200,0,0,0,0,0,,0,0,0,0,0,0
258400,0,0,0,0,0,,0,0,0,0.012394,0,0
258600,0,0,0,0,0,,0,0,0,0,0,0
258800,0,0,0,0,0,,0,0,0,0,0,0
259000,0,0,0,0,0,,0,0,0,0,0,0
259200,0,0,0,0,0,,0,0,0,0,0,0
259400,0,0,0,0,0,,0,0,0,0,0,0
259600,,,,,,,0,0,0,0,0,0
259800,,,,,,,0,0,0,0,0,0
260000,,,,,,,0,0,0,0,0,0
260200,,,,,,,0,0,0,0,0,0
260400,,,,,,,0,0,0,0,0,0
260600,,,,,,,0,0,0,0,0,0
260800,,,,,,,0,0,0,0,0,0
261000,,,,,,,0,0,0,0,0,0
261200,,,,,,,0,0,0,0,0,0
261400,,,,,,,0,0,0,0,0,0
261600,,,,,,,0,0,0,0,0,0
261800,,,,,,,0,0,0,0,0,0
262000,,,,,,,0,0,0,0,0,0
262200,,,,,,,0,0,0,0,0,0
262400,,,,,,,0,0,0,0,0,0
262600,,,,,,,0,0,0,0,0,0
262800,,,,,,,0,0,0,0,0,0
263000,,,,,,,0,0,0,0,0,0
263200,,,,,,,0,0,0,0,0,0
263400,,,,,,,0,0,0,0,0,0
263600,,,,,,,0,0,0,0,0,0
263800,,,,,,,0,0,0,0,0,0
264000,,,,,,,0,0,0,0,0,0
264200,,,,,,,0,0,0,0,0,0
264400,,,,,,,0,0,0,0,0,0
264600,,,,,,,0,0,0,0,0,0
264800,,,,,,,0,0,0,0,0,0
265000,,,,,,,0,0,0,0,0,0
265200,,,,,,,0,0,0,0,0,0
265400,,,,,,,0,0,0,0,0,0
265600,,,,,,,0,0,0,0,0,0
265800,,,,,,,0,0,0,0,0,0
266000,,,,,,,0,0,0,0,0,0
266200,,,,,,,0,0,0,0,0,0
266400,,,,,,,0,0,0,0,0,0
266600,,,,,,,0,0,0,0,0,0
266800,,,,,,,0,0,0,0,0,0
267000,,,,,,,0,0,0,0,0,0
267200,,,,,,,0,0,0,0,0,0
267400,,,,,,,0,0,0,0,0,0
267600,,,,,,,0,0,0,0,0,0
267800,,,,,,,0,0,0,0,0,0
268000,,,,,,,0,0,0,0,0,0
268200,,,,,,,0,0,0,0,0,0
268400,,,,,,,0,0,0,0,0,0
268600,,,,,,,0,0,0,0,0,0
268800,,,,,,,0,0,0,0,0,0
269000,,,,,,,0,0,0,0,0,0
269200,,,,,,,0,0,0,0,0,0
269400,,,,,,,0,0,0,0,0,0
269600,,,,,,,0,0,0,0,0,0
269800,,,,,,,0,0,0,0,0,0
270000,,,,,,,0,0,0,0,0,0
270200,,,,,,,0,0,0,0,0,0
270400,,,,,,,0,0,0,0,0,0
270600,,,,,,,0,0,0,0,0,0
270800,,,,,,,0,0,0,0,0.007917,0
271000,,,,,,,0,0,0,0,0,0
271200,,,,,,,0,0,0,0,0,0
271400,,,,,,,0,0,0,0,0,0
271600,,,,,,,0,0,0,0,0,0
271800,,,,,,,0,0,0,0,0,0
272000,,,,,,,0,0,0,0,0,0
272200,,,,,,,0,0,0,0,0,0
272400,,,,,,,0,0,0,0,0,0
272600,,,,,,,0,0,0,0,0,0
272800,,,,,,,0,0,0,0,0,0
273000,,,,,,,0,0,0,0,0,0
273200,,,,,,,0,0,0,0,0,0
273400,,,,,,,0,0,0,0,0,0
273600,,,,,,,0,0,0,0,0,0
273800,,,,,,,0,0,0,0,0,0
274000,,,,,,,0,0,0,0,0,0
274200,,,,,,,0,0,0,0,0,0
274400,,,,,,,0,0,0,0,0,0
274600,,,,,,,0,0,0,0,0,0
274800,,,,,,,0,0,0,0,0,0
275000,,,,,,,0,0,0,0,0,0
275200,,,,,,,0,0,0,0,0,0
275400,,,,,,,0,0,0,0,0,0
275600,,,,,,,0,0,0,0,0,0
275800,,,,,,,0,0,0,0,0,0
276000,,,,,,,0,0,0,0,0,0
276200,,,,,,,0,0,0,0,0,0
276400,,,,,,,0,0,0,0.012394,0,0
276600,,,,,,,0,0,0,0,0,0
276800,,,,,,,0,0,0,0,0,0
277000,,,,,,,0,0,0,0,0,0
277200,,,,,,,0,0,0,0,0,0
277400,,,,,,,0,0,0,0,0,0
277600,,,,,,,0,0,0,0,0,0
277800,,,,,,,0,0,0,0,0,0
278000,,,,,,,0,0,0,0,0,0
278200,,,,,,,0,0,0,0,0,0
278400,,,,,,,0,0,0,0,0,0
278600,,,,,,,0,0,0,0,0,0
278800,,,,,,,0,0,0,0,0,0
279000,,,,,,,0.019689,0,0,0,0,0
279200,,,,,,,0,0,0,0,0,0
279400,,,,,,,0,0,0,0,0,0
279600,,,,,,,0,0,0,0,0,0
279800,,,,,,,0,0,0,0,0,0
280000,,,,,,,0,0,0,0,0,0
280200,,,,,,,0,0,0,0,0,0
280400,,,,,,,0,0,0,0,0,0
280600,,,,,,,0,0,0,0,0,0
280800,,,,,,,0,0,0,0,0,0
281000,,,,,,,0,0,0,0,0,0
281200,,,,,,,0,0,0,0,0,0
281400,,,,,,,0,0,0,0,0,0
281600,,,,,,,0,0,0,0,0,0
281800,,,,,,,0,0,0,0,0,0
282000,,,,,,,0,0,0,0,0,0
282200,,,,,,,0,0,0,0,0,0
282400,,,,,,,0,0,0,0,0,0
282600,,,,,,,0,0,0,0,0,0
282800,,,,,,,0,0,0,0,0,0
283000,,,,,,,0,0,0,0,0,0
283200,,,,,,,0,0,0,0,0,0
283400,,,,,,,0,0,0,0,0,0
283600,,,,,,,0,0,0,0,0,0
283800,,,,,,,0,0,0,0,0,0
284000,,,,,,,0,0,0,0,0,0
284200,,,,,,,0,0,0,0,0,0
284400,,,,,,,0,0,0,0,0,0
284600,,,,,,,0,0,0,0,0,0
284800,,,,,,,0,0,0,0,0,0
285000,,,,,,,0,0,0,0,0,0
285200,,,,,,,0,0,0,0,0,0
285400,,,,,,,0,0,0,0,0,0
285600,,,,,,,0,0,0,0,0,0
285800,,,,,,,0,0,0,0,0,0
286000,,,,,,,0,0,0,0,0,0
286200,,,,,,,0,0,0,0,0,0
286400,,,,,,,0,0,0,0,0,0
286600,,,,,,,0,0,0,0,0,0
286800,,,,,,,0,0,0,0,0,0
287000,,,,,,,0,0,0,0,0,0
287200,,,,,,,0,0,0,0,0,0
287400,,,,,,,0,0,0,0,0,0
287600,,,,,,,0,0,0,0,0,0
287800,,,,,,,0,0,0,0,0,0
288000,,,,,,,0,0,0,0,0,0
288200,,,,,,,0,0,0,0,0,0
288400,,,,,,,0,0,0,0,0,0
288600,,,,,,,0,0,0,0,0,0
288800,,,,,,,0,0,0,0,0,0
289000,,,,,,,0,0,0,0,0,0
289200,,,,,,,0,0,0,0,0,0
289400,,,,,,,0,0,0,0,0,0
289600,,,,,,,0,0,0,0,0,0
289800,,,,,,,0,0,0,0,0,0
290000,,,,,,,0,0,0,0,0,0
290200,,,,,,,0,0,0,0,0,0
290400,,,,,,,0,0,0,0,0,0
290600,,,,,,,0,0,0,0,0,0
290800,,,,,,,0,0,0,0,0,0
291000,,,,,,,0,0,0,0,0,0
291200,,,,,,,0,0,0,0,0,0
291400,,,,,,,0,0,0,0,0,0
291600,,,,,,,0,0,0,0,0,0
291800,,,,,,,0,0,0,0,0,0
292000,,,,,,,0,0,0,0,0,0
292200,,,,,,,0,0,0,0,0,0
292400,,,,,,,0,0,0,0,0,0
292600,,,,,,,0,0,0.009558,0,0,0
292800,,,,,,,0,0,0,0,0,0
293000,,,,,,,0,0,0,0,0,0
293200,,,,,,,0,0,0,0,0,0
293400,,,,,,,0,0,0,0,0,0
293600,,,,,,,0,0,0,0,0,0
293800,,,,,,,0,0,0,0,0,0
294000,,,,,,,0,0,0,0,0,0
294200,,,,,,,0,0,0,0,0,0
294400,,,,,,,0,0,0,0,0,0
294600,,,,,,,0,0,0,0,0,0
294800,,,,,,,0,0,0,0,0,0
295000,,,,,,,0,0,0,0,0,0
295200,,,,,,,0,0,0,0,0,0
295400,,,,,,,0,0,0,0,0,0
295600,,,,,,,0,0,0,0,0,0
295800,,,,,,,0,0,0,0,0,0
296000,,,,,,,0,0,0,0,0,0
296200,,,,,,,0,0,0,0,0,0
296400,,,,,,,0,0,0,0,0,0
296600,,,,,,,0,0,0,0,0,0
296800,,,,,,,0,0,0,0,0,0
297000,,,,,,,0,0,0,0,0,0
297200,,,,,,,0,0,0,0,0,0
297400,,,,,,,0,0,0,0,0,0
297600,,,,,,,0,0,0,0,0,0
297800,,,,,,,0,0,0,0,0,0
298000,,,,,,,0,0,0,0,0,0
298200,,,,,,,0,0,0,0,0,0
298400,,,,,,,0,0,0,0,0,0
298600,,,,,,,0,0,0,0,0,0
298800,,,,,,,0,0,0,0,0,0
299000,,,,,,,0,0,0,0,0,0
299200,,,,,,,0,0,0,0,0,0
299400,,,,,,,0,0,0,0,0,0
299600,,,,,,,0,0,0,0,0,0
299800,,,,,,,0,0,0,0,0,0
300000,,,,,,,0,0,0,0,0,0
300200,,,,,,,0,0,0,0,0,0
300400,,,,,,,0,0,0,0,0,0
300600,,,,,,,0,0,0,0,0,0
300800,,,,,,,0,0,0,0,0,0
301000,,,,,,,0,0,0,0,0,0
301200,,,,,,,0,0,0,0,0,0
301400,,,,,,,0,0,0,0,0,0
301600,,,,,,,0,0,0,0,0,0
301800,,,,,,,0,0,0,0,0,0
302000,,,,,,,0,0,0,0,0,0
302200,,,,,,,0,0,0,0,0,0
302400,,,,,,,0,0,0,0,0,0
302600,,,,,,,0,0,0,0,0,0
302800,,,,,,,0,0,0,0,0,0
303000,,,,,,,0,0,0,0,0,0
303200,,,,,,,0,0,0,0,0,0
303400,,,,,,,0,0,0,0,0,0
303600,,,,,,,0,0,0,0,0,0
303800,,,,,,,0,0,0,0,0,0
304000,,,,,,,0,0,0,0,0,0
304200,,,,,,,0,0,0,0,0,0.005097
304400,,,,,,,0,0,0,0,0,0
304600,,,,,,,0,0,0,0,0,0
304800,,,,,,,0,0,0,0,0,0
305000,,,,,,,0,0,0,0,0,0
305200,,,,,,,0,0,0,0,0,0
305400,,,,,,,0,0,0,0,0,0
305600,,,,,,,0,0,0,0,0,0
305800,,,,,,,0,0,0,0,0,0
306000,,,,,,,0,0,0,0,0,0
306200,,,,,,,0,0,0,0,0,0
306400,,,,,,,0,0,0,0,0,0
306600,,,,,,,0,0,0,0,0,0
306800,,,,,,,0,0,0,0,0,0
307000,,,,,,,0,0,0,0,0,0
307200,,,,,,,0,0,0,0,0,0
307400,,,,,,,0,0,0,0,0,0
307600,,,,,,,0,0,0,0,0,0
307800,,,,,,,0,0,0,0,0,0
308000,,,,,,,0,0,0,0,0,0
308200,,,,,,,0,0,0,0,0,0
308400,,,,,,,0,0,0,0,0,0
308600,,,,,,,0,0,0,0,0,0
308800,,,,,,,0,0,0,0,0,0
309000,,,,,,,0,0,0,0,0,0
309200,,,,,,,0,0,0,0,0,0
309400,,,,,,,0,0,0,0,0,0
309600,,,,,,,0,0,0,0,0,0
309800,,,,,,,0,0,0,0,0,0
310000,,,,,,,0,0,0,0,0,0
310200,,,,,,,0,0,0,0,0,0
310400,,,,,,,0,0,0,0,0,0
310600,,,,,,,0,0,0,0,0,0
310800,,,,,,,0,0,0,0,0,0
311000,,,,,,,0,0,0,0,0,0
311200,,,,,,,0,0,0,0,0,0
311400,,,,,,,0,0,0,0,0,0
311600,,,,,,,0,0,0,0,0,0
311800,,,,,,,0,0,0,0,0,0
312000,,,,,,,0,0,0,0,0,0
312200,,,,,,,0,0,0,0,0,0
312400,,,,,,,0,0,0,0,0,0
312600,,,,,,,0,0,0,0,0,0
312800,,,,,,,0,0,0,0,0,0
313000,,,,,,,0,0,0,0,0,0
313200,,,,,,,0,0,0,0,0,0
313400,,,,,,,0,0,0,0,0,0
313600,,,,,,,0,0,0,0,0,0
313800,,,,,,,0,0,0,0,0,0
314000,,,,,,,0,0,0,0,0,0
314200,,,,,,,0,0,0,0,0,0
314400,,,,,,,0,0,0,0,0,0
314600,,,,,,,0,0,0,0,0,0
314800,,,,,,,0,0,0,0,0,0
315000,,,,,,,0,0,0,0,0,0
315200,,,,,,,0,0,0,0,0,0
315400,,,,,,,0,0,0,0,0,0
315600,,,,,,,0,0,0,0,0,0
315800,,,,,,,0,0,0,0,0,0
316000,,,,,,,0,0,0,0,0,0
316200,,,,,,,0,0,0,0,0,0
316400,,,,,,,0,0,0,0,0,0
316600,,,,,,,0,0,0,0,0,0
316800,,,,,,,0,0,0,0,0,0
317000,,,,,,,0,0,0,0,0,0
317200,,,,,,,0,0,0,0,0,0
317400,,,,,,,0,0,0,0,0,0
317600,,,,,,,0,0,0,0,0,0
317800,,,,,,,0,0,0,0,0,0
318000,,,,,,,0,0,0,0,0,0
318200,,,,,,,0,0,0,0,0,0
318400,,,,,,,0,0,0,0,0,0
318600,,,,,,,0,0,0,0,0,0.005097
318800,,,,,,,0,0,0,0,0,0
319000,,,,,,,0,0,0,0,0,0
319200,,,,,,,0,0,0,0,0,0
319400,,,,,,,0,0,0,0,0,0
319600,,,,,,,0,0,0,0,0,0
319800,,,,,,,0,0,0,0,0,0
320000,,,,,,,0,0,0,0,0,0
320200,,,,,,,0,0,0,0,0,0.005097
320400,,,,,,,0,0,0,0,0,0
320600,,,,,,,0,0,0,0,0,0
320800,,,,,,,0,0,0,0,0,0
321000,,,,,,,0,0,0,0,0,0
321200,,,,,,,0,0,0,0,0.007917,0
321400,,,,,,,0,0,0,0,0,0
321600,,,,,,,0,0,0,0,0,0
321800,,,,,,,0,0,0,0,0,0
322000,,,,,,,0,0,0,0,0,0
322200,,,,,,,0,0,0,0,0,0
322400,,,,,,,0,0,0,0,0,0
322600,,,,,,,0,0,0,0,0,0
322800,,,,,,,0,0,0,0,0,0
323000,,,,,,,0,0,0,0,0,0
323200,,,,,,,0,0,0,0,0,0
323400,,,,,,,0,0,0,0,0,0
323600,,,,,,,0,0,0,0,0,0
323800,,,,,,,0,0,0,0,0,0
324000,,,,,,,0,0,0,0,0,0
324200,,,,,,,0,0,0,0,0,0
324400,,,,,,,0,0,0,0,0,0
324600,,,,,,,0,0,0,0,0,0
324800,,,,,,,0,0,0,0,0,0
325000,,,,,,,0,0,0,0,0,0
325200,,,,,,,0,0,0,0,0,0
325400,,,,,,,0,0,0,0,0,0
325600,,,,,,,0,0,0,0,0,0
325800,,,,,,,0,0,0,0,0,0
326000,,,,,,,0,0,0,0,0,0
326200,,,,,,,0,0,0,0,0,0
326400,,,,,,,0,0,0,0,0,0
326600,,,,,,,0,0,0,0,0,0
326800,,,,,,,0,0,0,0,0,0
327000,,,,,,,0,0,0,0,0,0
327200,,,,,,,0,0,0,0,0,0
327400,,,,,,,0,0,0,0,0,0
327600,,,,,,,0,0,0,0,0,0
327800,,,,,,,0,0,0,0,0,0
328000,,,,,,,0,0,0,0,0,0
328200,,,,,,,0,0,0,0,0,0
328400,,,,,,,0,0,0,0,0,0
328600,,,,,,,0,0,0,0,0,0
328800,,,,,,,0,0,0,0,0,0
329000,,,,,,,0,0,0,0,0,0
329200,,,,,,,0,0,0,0,0,0
329400,,,,,,,0,0,0,0,0,0
329600,,,,,,,0,0,0,0,0,0
329800,,,,,,,0,0,0,0,0,0
330000,,,,,,,0,0,0,0,0,0
330200,,,,,,,0,0,0,0,0,0
330400,,,,,,,0,0,0,0,0,0
330600,,,,,,,0,0,0,0,0,0
330800,,,,,,,0,0,0,0,0,0
331000,,,,,,,0,0,0,0,0,0
331200,,,,,,,0,0,0,0,0,0
331400,,,,,,,0,0,0,0,0,0
331600,,,,,,,0,0,0,0,0,0
331800,,,,,,,0,0,0,0,0,0
332000,,,,,,,0,0,0,0,0,0
332200,,,,,,,0,0,0,0,0,0
332400,,,,,,,0,0,0,0,0,0
332600,,,,,,,0,0,0,0,0,0
332800,,,,,,,0,0,0,0,0,0
333000,,,,,,,0,0,0,0,0,0
333200,,,,,,,0,0,0,0,0,0
333400,,,,,,,0,0,0,0,0,0
333600,,,,,,,0,0,0,0,0,0
333800,,,,,,,0,0,0,0,0,0
334000,,,,,,,0,0,0,0,0,0
334200,,,,,,,0,0,0,0,0,0
334400,,,,,,,0,0,0,0,0,0
334600,,,,,,,0,0,0,0,0,0
334800,,,,,,,0,0,0,0,0,0
335000,,,,,,,0,0,0,0,0,0
335200,,,,,,,0,0,0,0,0,0
335400,,,,,,,0,0,0,0,0,0
335600,,,,,,,0,0,0,0,0,0
335800,,,,,,,0,0,0,0,0,0
336000,,,,,,,0,0,0,0,0,0
336200,,,,,,,0,0,0,0,0,0
336400,,,,,,,0,0,0,0,0,0
336600,,,,,,,0,0,0,0,0,0.005097
336800,,,,,,,0,0,0,0,0,0
337000,,,,,,,0,0,0,0,0,0
337200,,,,,,,0,0,0,0,0,0
337400,,,,,,,0,0,0,0,0,0
337600,,,,,,,0,0,0,0,0,0
337800,,,,,,,0,0,0,0,0,0
338000,,,,,,,0,0,0,0,0,0
338200,,,,,,,0,0,0,0,0,0
338400,,,,,,,0,0,0,0,0,0
338600,,,,,,,0,0,0,0,0,0
338800,,,,,,,0,0,0,0,0,0
339000,,,,,,,0,0,0,0,0,0
339200,,,,,,,0,0,0,0,0,0
339400,,,,,,,0,0.010754,0,0,0,0
339600,,,,,,,0,0,0.009558,0,0,0
339800,,,,,,,0,0,0,0,0,0
340000,,,,,,,0,0,0,0,0,0
340200,,,,,,,0,0,0,0,0,0
340400,,,,,,,0,0,0,0,0,0
340600,,,,,,,0,0,0,0,0,0
340800,,,,,,,0,0,0,0,0,0
341000,,,,,,,0,0,0,0,0,0
341200,,,,,,,0,0,0,0,0,0
341400,,,,,,,0,0,0,0,0,0
341600,,,,,,,0,0,0,0,0,0
341800,,,,,,,0,0,0,0,0,0
342000,,,,,,,0,0,0,0,0,0
342200,,,,,,,0,0,0,0,0,0
342400,,,,,,,0,0,0,0,0,0
342600,,,,,,,0,0,0,0,0,0
342800,,,,,,,0,0,0,0,0,0
343000,,,,,,,0,0,0,0,0,0
343200,,,,,,,0,0,0,0,0,0
343400,,,,,,,0,0,0,0,0,0
343600,,,,,,,0,0,0,0,0,0
343800,,,,,,,0,0,0,0,0,0
344000,,,,,,,0,0,0,0,0,0
344200,,,,,,,0,0,0,0,0,0
344400,,,,,,,0,0,0,0,0,0
344600,,,,,,,0,0,0,0,0,0
344800,,,,,,,0,0,0,0,0,0
345000,,,,,,,0,0,0,0,0,0
345200,,,,,,,0,0,0,0,0,0
345400,,,,,,,0,0,0,0,0,0
345600,,,,,,,0,0,0,0,0,0
345800,,,,,,,0,0,0,0,0,0
346000,,,,,,,0,0,0,0,0,0
346200,,,,,,,0,0,0,0,0,0
346400,,,,,,,0,0,0,0,0,0
346600,,,,,,,0,0,0,0,0,0
346800,,,,,,,0,0,0,0,0,0
347000,,,,,,,0,0,0,0,0,0
347200,,,,,,,0,0,0,0,0,0
347400,,,,,,,0,0,0,0,0,0
347600,,,,,,,0,0,0,0,0,0
347800,,,,,,,0,0,0,0,0,0
348000,,,,,,,0,0,0,0,0,0
348200,,,,,,,0,0,0,0,0,0
348400,,,,,,,0,0,0,0,0,0
348600,,,,,,,0,0,0,0,0,0
348800,,,,,,,0,0,0,0,0,0
349000,,,,,,,0,0,0,0,0,0
349200,,,,,,,0,0,0,0,0,0
349400,,,,,,,0,0,0,0,0,0
349600,,,,,,,0,0,0,0,0,0
349800,,,,,,,0,0,0,0,0,0
350000,,,,,,,0,0,0,0,0,0
350200,,,,,,,0,0,0,0,0,0
350400,,,,,,,0,0,0,0,0,0
350600,,,,,,,0,0,0,0,0,0
350800,,,,,,,0,0,0,0,0,0
351000,,,,,,,0,0,0,0,0,0
351200,,,,,,,0,0,0,0,0,0
351400,,,,,,,0,0,0,0,0,0
351600,,,,,,,0,0,0,0,0,0
351800,,,,,,,0,0,0,0,0,0
352000,,,,,,,0,0,0,0,0,0
352200,,,,,,,0,0,0,0,0,0
352400,,,,,,,0,0,0,0,0,0
352600,,,,,,,0,0,0,0,0,0
352800,,,,,,,0,0,0,0,0,0
353000,,,,,,,0,0,0,0,0,0.005097
353200,,,,,,,0,0,0,0,0,0
353400,,,,,,,0,0,0,0,0,0
353600,,,,,,,0,0,0,0,0,0
353800,,,,,,,0,0,0,0,0,0
354000,,,,,,,0,0,0,0,0,0
354200,,,,,,,0,0,0,0,0,0
354400,,,,,,,0,0,0,0,0,0
354600,,,,,,,0,0,0,0,0,0
354800,,,,,,,0,0,0,0,0,0
355000,,,,,,,0,0,0,0,0,0
355200,,,,,,,0,0,0,0,0,0
355400,,,,,,,0,0,0,0,0,0.005097
355600,,,,,,,0,0,0,0,0,0
355800,,,,,,,0,0,0,0,0,0
356000,,,,,,,0,0,0,0,0,0
356200,,,,,,,0,0,0,0,0,0
356400,,,,,,,0,0,0,0,0,0
356600,,,,,,,0,0,0,0,0,0
356800,,,,,,,0,0,0,0,0,0
357000,,,,,,,0,0,0,0,0,0
357200,,,,,,,0,0,0,0,0,0
357400,,,,,,,0,0,0,0,0,0
357600,,,,,,,0,0,0,0,0,0
357800,,,,,,,0,0,0,0,0,0
358000,,,,,,,0,0,0,0,0,0
358200,,,,,,,0,0,0,0,0,0
358400,,,,,,,0,0,0,0,0,0.005097
358600,,,,,,,0,0,0,0,0,0
358800,,,,,,,0,0,0,0,0,0
359000,,,,,,,0,0,0,0,0,0
359200,,,,,,,0,0,0,0,0,0
359400,,,,,,,0,0,0,0,0,0
359600,,,,,,,0,0,0,0,0,0
359800,,,,,,,0,0,0,0,0,0
360000,,,,,,,0,0,0,0,0,0
360200,,,,,,,0,0,0,0,0,0
360400,,,,,,,0,0,0,0,0,0
360600,,,,,,,0,0,0,0,0,0
360800,,,,,,,0,0,0,0,0,0
361000,,,,,,,0,0,0,0,0,0
361200,,,,,,,0,0,0,0,0,0
361400,,,,,,,0,0,0,0,0,0
361600,,,,,,,0,0,0,0,0,0
361800,,,,,,,0,0,0,0,0,0
362000,,,,,,,0,0,0,0,0,0
362200,,,,,,,0,0,0,0,0,0
362400,,,,,,,0,0,0,0,0,0
362600,,,,,,,0,0,0,0,0,0
362800,,,,,,,0,0,0,0,0,0
363000,,,,,,,0,0,0,0,0,0
363200,,,,,,,0,0,0,0,0,0
363400,,,,,,,0,0,0,0,0,0
363600,,,,,,,0,0,0,0,0,0
363800,,,,,,,0,0,0,0,0,0
364000,,,,,,,0,0,0,0,0,0
364200,,,,,,,0,0,0,0,0,0
364400,,,,,,,0,0,0,0,0,0
364600,,,,,,,0,0,0,0,0,0
364800,,,,,,,0,0,0,0,0,0
365000,,,,,,,0,0,0,0,0,0
365200,,,,,,,0,0,0,0,0,0
365400,,,,,,,0,0,0,0,0,0
365600,,,,,,,0,0,0,0,0,0
365800,,,,,,,0,0,0,0,0,0
366000,,,,,,,0,0,0,0,0,0
366200,,,,,,,0,0,0,0,0,0
366400,,,,,,,0,0,0,0,0,0
366600,,,,,,,0,0,0,0,0,0
366800,,,,,,,0,0,0.009558,0,0,0
367000,,,,,,,0,0,0,0,0,0
367200,,,,,,,0,0,0,0,0,0
367400,,,,,,,0,0,0,0,0,0
367600,,,,,,,0,0,0,0,0,0
367800,,,,,,,0,0,0,0,0,0
368000,,,,,,,0,0,0,0,0,0
368200,,,,,,,0,0,0,0,0,0
368400,,,,,,,0,0,0,0,0,0
368600,,,,,,,0,0,0,0,0,0
368800,,,,,,,0,0,0,0,0,0
369000,,,,,,,0,0,0,0,0,0
369200,,,,,,,0,0,0,0,0,0
369400,,,,,,,0,0,0,0,0,0
369600,,,,,,,0,0,0,0,0,0
369800,,,,,,,0,0,0,0,0,0
370000,,,,,,,0,0,0,0,0,0
370200,,,,,,,0,0,0,0,0,0
370400,,,,,,,0,0,0,0,0,0
370600,,,,,,,0,0,0,0,0,0
370800,,,,,,,0,0,0,0,0,0
371000,,,,,,,0,0,0,0,0,0
371200,,,,,,,0,0,0,0,0,0
371400,,,,,,,0,0,0,0,0,0
371600,,,,,,,0,0,0,0,0,0
371800,,,,,,,0,0,0,0,0,0
372000,,,,,,,0,0,0,0,0,0
372200,,,,,,,0,0,0,0,0,0
372400,,,,,,,,,,,,
372600,,,,,,,,,,,,
372800,,,,,,,,,,,,
373000,,,,,,,,,,,,
373200,,,,,,,,,,,,
373400,,,,,,,,,,,,
373600,,,,,,,,,,,,
373800,,,,,,,,,,,,
374000,,,,,,,,,,,,
374200,,,,,,,,,,,,
374400,,,,,,,,,,,,
374600,,,,,,,,,,,,
374800,,,,,,,,,,,,
375000,,,,,,,,,,,,
375200,,,,,,,,,,,,
375400,,,,,,,,,,,,
375600,,,,,,,,,,,,
375800,,,,,,,,,,,,
376000,,,,,,,,,,,,
376200,,,,,,,,,,,,
376400,,,,,,,,,,,,
376600,,,,,,,,,,,,
376800,,,,,,,,,,,,
377000,,,,,,,,,,,,
377200,,,,,,,,,,,,
377400,,,,,,,,,,,,
377600,,,,,,,,,,,,
377800,,,,,,,,,,,,
378000,,,,,,,,,,,,
378200,,,,,,,,,,,,
378400,,,,,,,,,,,,
378600,,,,,,,,,,,,
378800,,,,,,,,,,,,
379000,,,,,,,,,,,,
379200,,,,,,,,,,,,
379400,,,,,,,,,,,,
379600,,,,,,,,,,,,
379800,,,,,,,,,,,,
380000,,,,,,,,,,,,
380200,,,,,,,,,,,,
380400,,,,,,,,,,,,
380600,,,,,,,,,,,,
380800,,,,,,,,,,,,
381000,,,,,,,,,,,,
381200,,,,,,,,,,,,
381400,,,,,,,,,,,,
381600,,,,,,,,,,,,
381800,,,,,,,,,,,,
382000,,,,,,,,,,,,
382200,,,,,,,,,,,,
382400,,,,,,,,,,,,
382600,,,,,,,,,,,,
382800,,,,,,,,,,,,
383000,,,,,,,,,,,,
383200,,,,,,,,,,,,
383400,,,,,,,,,,,,
383600,,,,,,,,,,,,
383800,,,,,,,,,,,,
384000,,,,,,,,,,,,
384200,,,,,,,,,,,,
384400,,,,,,,,,,,,
384600,,,,,,,,,,,,
384800,,,,,,,,,,,,
385000,,,,,,,,,,,,
385200,,,,,,,,,,,,
385400,,,,,,,,,,,,
385600,,,,,,,,,,,,
385800,,,,,,,,,,,,
386000,,,,,,,,,,,,
386200,,,,,,,,,,,,
386400,,,,,,,,,,,,
386600,,,,,,,,,,,,
386800,,,,,,,,,,,,
387000,,,,,,,,,,,,
387200,,,,,,,,,,,,
387400,,,,,,,,,,,,
387600,,,,,,,,,,,,
387800,,,,,,,,,,,,
388000,,,,,,,,,,,,
388200,,,,,,,,,,,,
388400,,,,,,,,,,,,
388600,,,,,,,,,,,,
388800,,,,,,,,,,,,
389000,,,,,,,,,,,,
389200,,,,,,,,,,,,
389400,,,,,,,,,,,,
389600,,,,,,,,,,,,
389800,,,,,,,,,,,,
390000,,,,,,,,,,,,
390200,,,,,,,,,,,,
390400,,,,,,,,,,,,
390600,,,,,,,,,,,,
390800,,,,,,,,,,,,
391000,,,,,,,,,,,,
391200,,,,,,,,,,,,
391400,,,,,,,,,,,,
391600,,,,,,,,,,,,
391800,,,,,,,,,,,,
392000,,,,,,,,,,,,
392200,,,,,,,,,,,,
392400,,,,,,,,,,,,
392600,,,,,,,,,,,,
392800,,,,,,,,,,,,
393000,,,,,,,,,,,,
393200,,,,,,,,,,,,
393400,,,,,,,,,,,,
393600,,,,,,,,,,,,
393800,,,,,,,,,,,,
394000,,,,,,,,,,,,
394200,,,,,,,,,,,,
394400,,,,,,,,,,,,
394600,,,,,,,,,,,,
394800,,,,,,,,,,,,
395000,,,,,,,,,,,,
395200,,,,,,,,,,,,
395400,,,,,,,,,,,,
395600,,,,,,,,,,,,
395800,,,,,,,,,,,,
396000,,,,,,,,,,,,
396200,,,,,,,,,,,,
396400,,,,,,,,,,,,
396600,,,,,,,,,,,,
396800,,,,,,,,,,,,
397000,,,,,,,,,,,,
397200,,,,,,,,,,,,
397400,,,,,,,,,,,,
397600,,,,,,,,,,,,
397800,,,,,,,,,,,,
398000,,,,,,,,,,,,
398200,,,,,,,,,,,,
398400,,,,,,,,,,,,
398600,,,,,,,,,,,,
398800,,,,,,,,,,,,
399000,,,,,,,,,,,,
399200,,,,,,,,,,,,
399400,,,,,,,,,,,,
399600,,,,,,,,,,,,
399800,,,,,,,,,,,,
400000,,,,,,,,,,,,
400200,,,,,,,,,,,,
400400,,,,,,,,,,,,
400600,,,,,,,,,,,,
400800,,,,,,,,,,,,
401000,,,,,,,,,,,,
401200,,,,,,,,,,,,
401400,,,,,,,,,,,,
401600,,,,,,,,,,,,
401800,,,,,,,,,,,,
402000,,,,,,,,,,,,
402200,,,,,,,,,,,,
402400,,,,,,,,,,,,
402600,,,,,,,,,,,,
402800,,,,,,,,,,,,
403000,,,,,,,,,,,,
403200,,,,,,,,,,,,
403400,,,,,,,,,,,,
403600,,,,,,,,,,,,
403800,,,,,,,,,,,,
404000,,,,,,,,,,,,
404200,,,,,,,,,,,,
404400,,,,,,,,,,,,
404600,,,,,,,,,,,,
404800,,,,,,,,,,,,
405000,,,,,,,,,,,,
405200,,,,,,,,,,,,
405400,,,,,,,,,,,,
405600,,,,,,,,,,,,
405800,,,,,,,,,,,,
406000,,,,,,,,,,,,
406200,,,,,,,,,,,,
406400,,,,,,,,,,,,
406600,,,,,,,,,,,,
406800,,,,,,,,,,,,
407000,,,,,,,,,,,,
407200,,,,,,,,,,,,
407400,,,,,,,,,,,,
407600,,,,,,,,,,,,
407800,,,,,,,,,,,,
408000,,,,,,,,,,,,
408200,,,,,,,,,,,,
408400,,,,,,,,,,,,
408600,,,,,,,,,,,,
408800,,,,,,,,,,,,
409000,,,,,,,,,,,,
409200,,,,,,,,,,,,
409400,,,,,,,,,,,,
409600,,,,,,,,,,,,
409800,,,,,,,,,,,,
410000,,,,,,,,,,,,
410200,,,,,,,,,,,,
410400,,,,,,,,,,,,
410600,,,,,,,,,,,,
410800,,,,,,,,,,,,
411000,,,,,,,,,,,,
411200,,,,,,,,,,,,
411400,,,,,,,,,,,,
411600,,,,,,,,,,,,
411800,,,,,,,,,,,,
412000,,,,,,,,,,,,
412200,,,,,,,,,,,,
412400,,,,,,,,,,,,
412600,,,,,,,,,,,,
412800,,,,,,,,,,,,
413000,,,,,,,,,,,,
413200,,,,,,,,,,,,
413400,,,,,,,,,,,,
413600,,,,,,,,,,,,
413800,,,,,,,,,,,,
414000,,,,,,,,,,,,
414200,,,,,,,,,,,,
414400,,,,,,,,,,,,
414600,,,,,,,,,,,,
414800,,,,,,,,,,,,
415000,,,,,,,,,,,,
415200,,,,,,,,,,,,
415400,,,,,,,,,,,,
415600,,,,,,,,,,,,
415800,,,,,,,,,,,,
416000,,,,,,,,,,,,
416200,,,,,,,,,,,,
416400,,,,,,,,,,,,
416600,,,,,,,,,,,,
416800,,,,,,,,,,,,
417000,,,,,,,,,,,,
417200,,,,,,,,,,,,
417400,,,,,,,,,,,,
417600,,,,,,,,,,,,
417800,,,,,,,,,,,,
418000,,,,,,,,,,,,
418200,,,,,,,,,,,,
418400,,,,,,,,,,,,
418600,,,,,,,,,,,,
418800,,,,,,,,,,,,
419000,,,,,,,,,,,,
419200,,,,,,,,,,,,
419400,,,,,,,,,,,,
419600,,,,,,,,,,,,
419800,,,,,,,,,,,,
420000,,,,,,,,,,,,
420200,,,,,,,,,,,,
420400,,,,,,,,,,,,
420600,,,,,,,,,,,,
420800,,,,,,,,,,,,
421000,,,,,,,,,,,,
421200,,,,,,,,,,,,
421400,,,,,,,,,,,,
421600,,,,,,,,,,,,
421800,,,,,,,,,,,,
422000,,,,,,,,,,,,
422200,,,,,,,,,,,,
422400,,,,,,,,,,,,
422600,,,,,,,,,,,,
422800,,,,,,,,,,,,
423000,,,,,,,,,,,,
423200,,,,,,,,,,,,
423400,,,,,,,,,,,,
423600,,,,,,,,,,,,
423800,,,,,,,,,,,,
424000,,,,,,,,,,,,
424200,,,,,,,,,,,,
424400,,,,,,,,,,,,
424600,,,,,,,,,,,,
424800,,,,,,,,,,,,
425000,,,,,,,,,,,,
425200,,,,,,,,,,,,
425400,,,,,,,,,,,,
425600,,,,,,,,,,,,
425800,,,,,,,,,,,,
426000,,,,,,,,,,,,
426200,,,,,,,,,,,,
426400,,,,,,,,,,,,
426600,,,,,,,,,,,,
426800,,,,,,,,,,,,
427000,,,,,,,,,,,,
427200,,,,,,,,,,,,
427400,,,,,,,,,,,,
427600,,,,,,,,,,,,
427800,,,,,,,,,,,,
428000,,,,,,,,,,,,
428200,,,,,,,,,,,,
428400,,,,,,,,,,,,
428600,,,,,,,,,,,,
428800,,,,,,,,,,,,
429000,,,,,,,,,,,,
429200,,,,,,,,,,,,
429400,,,,,,,,,,,,
429600,,,,,,,,,,,,
429800,,,,,,,,,,,,
430000,,,,,,,,,,,,
430200,,,,,,,,,,,,
430400,,,,,,,,,,,,
430600,,,,,,,,,,,,
430800,,,,,,,,,,,,
431000,,,,,,,,,,,,
431200,,,,,,,,,,,,
431400,,,,,,,,,,,,
431600,,,,,,,,,,,,
431800,,,,,,,,,,,,
432000,,,,,,,,,,,,
432200,,,,,,,,,,,,
432400,,,,,,,,,,,,
432600,,,,,,,,,,,,
432800,,,,,,,,,,,,
433000,,,,,,,,,,,,
433200,,,,,,,,,,,,
433400,,,,,,,,,,,,
433600,,,,,,,,,,,,
433800,,,,,,,,,,,,
434000,,,,,,,,,,,,
434200,,,,,,,,,,,,
434400,,,,,,,,,,,,
434600,,,,,,,,,,,,
434800,,,,,,,,,,,,
435000,,,,,,,,,,,,
435200,,,,,,,,,,,,
435400,,,,,,,,,,,,
435600,,,,,,,,,,,,
435800,,,,,,,,,,,,
436000,,,,,,,,,,,,
436200,,,,,,,,,,,,
436400,,,,,,,,,,,,
436600,,,,,,,,,,,,
436800,,,,,,,,,,,,
437000,,,,,,,,,,,,
437200,,,,,,,,,,,,
437400,,,,,,,,,,,,
437600,,,,,,,,,,,,
437800,,,,,,,,,,,,
438000,,,,,,,,,,,,
438200,,,,,,,,,,,,
438400,,,,,,,,,,,,
438600,,,,,,,,,,,,
438800,,,,,,,,,,,,
439000,,,,,,,,,,,,
439200,,,,,,,,,,,,
439400,,,,,,,,,,,,
439600,,,,,,,,,,,,
439800,,,,,,,,,,,,
440000,,,,,,,,,,,,
440200,,,,,,,,,,,,
440400,,,,,,,,,,,,
440600,,,,,,,,,,,,
440800,,,,,,,,,,,,
441000,,,,,,,,,,,,
441200,,,,,,,,,,,,
441400,,,,,,,,,,,,
441600,,,,,,,,,,,,
441800,,,,,,,,,,,,
442000,,,,,,,,,,,,
442200,,,,,,,,,,,,
442400,,,,,,,,,,,,
442600,,,,,,,,,,,,
442800,,,,,,,,,,,,
443000,,,,,,,,,,,,
443200,,,,,,,,,,,,
443400,,,,,,,,,,,,
443600,,,,,,,,,,,,
443800,,,,,,,,,,,,
444000,,,,,,,,,,,,
444200,,,,,,,,,,,,
444400,,,,,,,,,,,,
444600,,,,,,,,,,,,
444800,,,,,,,,,,,,
445000,,,,,,,,,,,,
445200,,,,,,,,,,,,
445400,,,,,,,,,,,,
445600,,,,,,,,,,,,
445800,,,,,,,,,,,,
446000,,,,,,,,,,,,
446200,,,,,,,,,,,,
446400,,,,,,,,,,,,
446600,,,,,,,,,,,,
446800,,,,,,,,,,,,
447000,,,,,,,,,,,,
447200,,,,,,,,,,,,
447400,,,,,,,,,,,,
447600,,,,,,,,,,,,
447800,,,,,,,,,,,,
448000,,,,,,,,,,,,
448200,,,,,,,,,,,,
448400,,,,,,,,,,,,
448600,,,,,,,,,,,,
448800,,,,,,,,,,,,
449000,,,,,,,,,,,,
449200,,,,,,,,,,,,
449400,,,,,,,,,,,,
449600,,,,,,,,,,,,
449800,,,,,,,,,,,,
450000,,,,,,,,,,,,
450200,,,,,,,,,,,,
450400,,,,,,,,,,,,
450600,,,,,,,,,,,,
450800,,,,,,,,,,,,
451000,,,,,,,,,,,,
451200,,,,,,,,,,,,
451400,,,,,,,,,,,,
451600,,,,,,,,,,,,
451800,,,,,,,,,,,,
452000,,,,,,,,,,,,
452200,,,,,,,,,,,,
452400,,,,,,,,,,,,
452600,,,,,,,,,,,,
452800,,,,,,,,,,,,
453000,,,,,,,,,,,,
453200,,,,,,,,,,,,
453400,,,,,,,,,,,,
453600,,,,,,,,,,,,
453800,,,,,,,,,,,,
454000,,,,,,,,,,,,
454200,,,,,,,,,,,,
454400,,,,,,,,,,,,
454600,,,,,,,,,,,,
454800,,,,,,,,,,,,
455000,,,,,,,,,,,,
455200,,,,,,,,,,,,
455400,,,,,,,,,,,,
455600,,,,,,,,,,,,
455800,,,,,,,,,,,,
456000,,,,,,,,,,,,
456200,,,,,,,,,,,,
456400,,,,,,,,,,,,
456600,,,,,,,,,,,,
456800,,,,,,,,,,,,
457000,,,,,,,,,,,,
457200,,,,,,,,,,,,
457400,,,,,,,,,,,,
457600,,,,,,,,,,,,
457800,,,,,,,,,,,,
458000,,,,,,,,,,,,
458200,,,,,,,,,,,,
458400,,,,,,,,,,,,
458600,,,,,,,,,,,,
458800,,,,,,,,,,,,
459000,,,,,,,,,,,,
459200,,,,,,,,,,,,
459400,,,,,,,,,,,,
459600,,,,,,,,,,,,
459800,,,,,,,,,,,,
460000,,,,,,,,,,,,
460200,,,,,,,,,,,,
460400,,,,,,,,,,,,
460600,,,,,,,,,,,,
460800,,,,,,,,,,,,
461000,,,,,,,,,,,,
461200,,,,,,,,,,,,
461400,,,,,,,,,,,,
461600,,,,,,,,,,,,
461800,,,,,,,,,,,,
462000,,,,,,,,,,,,
462200,,,,,,,,,,,,
462400,,,,,,,,,,,,
462600,,,,,,,,,,,,
462800,,,,,,,,,,,,
463000,,,,,,,,,,,,
463200,,,,,,,,,,,,
463400,,,,,,,,,,,,
463600,,,,,,,,,,,,
463800,,,,,,,,,,,,
464000,,,,,,,,,,,,
464200,,,,,,,,,,,,
464400,,,,,,,,,,,,
464600,,,,,,,,,,,,
464800,,,,,,,,,,,,
465000,,,,,,,,,,,,
465200,,,,,,,,,,,,
465400,,,,,,,,,,,,
465600,,,,,,,,,,,,
465800,,,,,,,,,,,,
466000,,,,,,,,,,,,
466200,,,,,,,,,,,,
466400,,,,,,,,,,,,
466600,,,,,,,,,,,,
466800,,,,,,,,,,,,
467000,,,,,,,,,,,,
467200,,,,,,,,,,,,
467400,,,,,,,,,,,,
467600,,,,,,,,,,,,
467800,,,,,,,,,,,,
468000,,,,,,,,,,,,
468200,,,,,,,,,,,,
468400,,,,,,,,,,,,
468600,,,,,,,,,,,,
468800,,,,,,,,,,,,
469000,,,,,,,,,,,,
469200,,,,,,,,,,,,
469400,,,,,,,,,,,,
469600,,,,,,,,,,,,
469800,,,,,,,,,,,,
470000,,,,,,,,,,,,
470200,,,,,,,,,,,,
470400,,,,,,,,,,,,
470600,,,,,,,,,,,,
470800,,,,,,,,,,,,
471000,,,,,,,,,,,,
471200,,,,,,,,,,,,
471400,,,,,,,,,,,,
471600,,,,,,,,,,,,
471800,,,,,,,,,,,,
472000,,,,,,,,,,,,
472200,,,,,,,,,,,,
472400,,,,,,,,,,,,
472600,,,,,,,,,,,,
472800,,,,,,,,,,,,
473000,,,,,,,,,,,,
473200,,,,,,,,,,,,
473400,,,,,,,,,,,,
473600,,,,,,,,,,,,
473800,,,,,,,,,,,,
474000,,,,,,,,,,,,
474200,,,,,,,,,,,,
474400,,,,,,,,,,,,
474600,,,,,,,,,,,,
474800,,,,,,,,,,,,
475000,,,,,,,,,,,,
475200,,,,,,,,,,,,
475400,,,,,,,,,,,,
475600,,,,,,,,,,,,
475800,,,,,,,,,,,,
476000,,,,,,,,,,,,
476200,,,,,,,,,,,,
476400,,,,,,,,,,,,
476600,,,,,,,,,,,,
476800,,,,,,,,,,,,
477000,,,,,,,,,,,,
477200,,,,,,,,,,,,
477400,,,,,,,,,,,,
477600,,,,,,,,,,,,
477800,,,,,,,,,,,,
478000,,,,,,,,,,,,
478200,,,,,,,,,,,,
478400,,,,,,,,,,,,
478600,,,,,,,,,,,,
478800,,,,,,,,,,,,
479000,,,,,,,,,,,,
479200,,,,,,,,,,,,
479400,,,,,,,,,,,,
479600,,,,,,,,,,,,
479800,,,,,,,,,,,,
480000,,,,,,,,,,,,
480200,,,,,,,,,,,,
480400,,,,,,,,,,,,
480600,,,,,,,,,,,,
480800,,,,,,,,,,,,
481000,,,,,,,,,,,,
481200,,,,,,,,,,,,
481400,,,,,,,,,,,,
481600,,,,,,,,,,,,
481800,,,,,,,,,,,,
482000,,,,,,,,,,,,
482200,,,,,,,,,,,,
482400,,,,,,,,,,,,
482600,,,,,,,,,,,,
482800,,,,,,,,,,,,
483000,,,,,,,,,,,,
483200,,,,,,,,,,,,
483400,,,,,,,,,,,,
483600,,,,,,,,,,,,
483800,,,,,,,,,,,,
484000,,,,,,,,,,,,
484200,,,,,,,,,,,,
484400,,,,,,,,,,,,
484600,,,,,,,,,,,,
484800,,,,,,,,,,,,
485000,,,,,,,,,,,,
485200,,,,,,,,,,,,
485400,,,,,,,,,,,,
485600,,,,,,,,,,,,
485800,,,,,,,,,,,,
486000,,,,,,,,,,,,
486200,,,,,,,,,,,,
486400,,,,,,,,,,,,
486600,,,,,,,,,,,,
486800,,,,,,,,,,,,
487000,,,,,,,,,,,,
487200,,,,,,,,,,,,
487400,,,,,,,,,,,,
487600,,,,,,,,,,,,
487800,,,,,,,,,,,,
488000,,,,,,,,,,,,
488200,,,,,,,,,,,,
488400,,,,,,,,,,,,
488600,,,,,,,,,,,,
488800,,,,,,,,,,,,
489000,,,,,,,,,,,,
489200,,,,,,,,,,,,
489400,,,,,,,,,,,,
489600,,,,,,,,,,,,
489800,,,,,,,,,,,,
490000,,,,,,,,,,,,
490200,,,,,,,,,,,,
490400,,,,,,,,,,,,
490600,,,,,,,,,,,,
490800,,,,,,,,,,,,
491000,,,,,,,,,,,,
491200,,,,,,,,,,,,
491400,,,,,,,,,,,,
491600,,,,,,,,,,,,
491800,,,,,,,,,,,,
492000,,,,,,,,,,,,
492200,,,,,,,,,,,,
492400,,,,,,,,,,,,
492600,,,,,,,,,,,,
492800,,,,,,,,,,,,
493000,,,,,,,,,,,,
493200,,,,,,,,,,,,
493400,,,,,,,,,,,,
493600,,,,,,,,,,,,
493800,,,,,,,,,,,,
494000,,,,,,,,,,,,
494200,,,,,,,,,,,,
494400,,,,,,,,,,,,
494600,,,,,,,,,,,,
494800,,,,,,,,,,,,
495000,,,,,,,,,,,,
495200,,,,,,,,,,,,
495400,,,,,,,,,,,,
495600,,,,,,,,,,,,
495800,,,,,,,,,,,,
496000,,,,,,,,,,,,
496200,,,,,,,,,,,,
496400,,,,,,,,,,,,
496600,,,,,,,,,,,,
496800,,,,,,,,,,,,
497000,,,,,,,,,,,,
497200,,,,,,,,,,,,
497400,,,,,,,,,,,,
497600,,,,,,,,,,,,
497800,,,,,,,,,,,,
498000,,,,,,,,,,,,
498200,,,,,,,,,,,,
498400,,,,,,,,,,,,
498600,,,,,,,,,,,,
498800,,,,,,,,,,,,
499000,,,,,,,,,,,,
499200,,,,,,,,,,,,
499400,,,,,,,,,,,,
499600,,,,,,,,,,,,
499800,,,,,,,,,,,,
500000,,,,,,,,,,,,
500200,,,,,,,,,,,,
500400,,,,,,,,,,,,
500600,,,,,,,,,,,,
500800,,,,,,,,,,,,
501000,,,,,,,,,,,,
501200,,,,,,,,,,,,
501400,,,,,,,,,,,,
501600,,,,,,,,,,,,
501800,,,,,,,,,,,,
502000,,,,,,,,,,,,
502200,,,,,,,,,,,,
502400,,,,,,,,,,,,
502600,,,,,,,,,,,,
502800,,,,,,,,,,,,
503000,,,,,,,,,,,,
503200,,,,,,,,,,,,
503400,,,,,,,,,,,,
503600,,,,,,,,,,,,
503800,,,,,,,,,,,,
504000,,,,,,,,,,,,
504200,,,,,,,,,,,,
504400,,,,,,,,,,,,
504600,,,,,,,,,,,,
504800,,,,,,,,,,,,
505000,,,,,,,,,,,,
505200,,,,,,,,,,,,
505400,,,,,,,,,,,,
505600,,,,,,,,,,,,
505800,,,,,,,,,,,,
506000,,,,,,,,,,,,
506200,,,,,,,,,,,,
506400,,,,,,,,,,,,
506600,,,,,,,,,,,,
506800,,,,,,,,,,,,
507000,,,,,,,,,,,,
507200,,,,,,,,,,,,
507400,,,,,,,,,,,,
507600,,,,,,,,,,,,
507800,,,,,,,,,,,,
508000,,,,,,,,,,,,
508200,,,,,,,,,,,,
508400,,,,,,,,,,,,
508600,,,,,,,,,,,,
508800,,,,,,,,,,,,
509000,,,,,,,,,,,,
509200,,,,,,,,,,,,
509400,,,,,,,,,,,,
509600,,,,,,,,,,,,
509800,,,,,,,,,,,,
510000,,,,,,,,,,,,
510200,,,,,,,,,,,,
510400,,,,,,,,,,,,
510600,,,,,,,,,,,,
510800,,,,,,,,,,,,
511000,,,,,,,,,,,,
511200,,,,,,,,,,,,
511400,,,,,,,,,,,,
511600,,,,,,,,,,,,
511800,,,,,,,,,,,,
512000,,,,,,,,,,,,
512200,,,,,,,,,,,,
512400,,,,,,,,,,,,
512600,,,,,,,,,,,,
512800,,,,,,,,,,,,
513000,,,,,,,,,,,,
513200,,,,,,,,,,,,
513400,,,,,,,,,,,,
513600,,,,,,,,,,,,
513800,,,,,,,,,,,,
514000,,,,,,,,,,,,
514200,,,,,,,,,,,,
514400,,,,,,,,,,,,
514600,,,,,,,,,,,,
514800,,,,,,,,,,,,
515000,,,,,,,,,,,,
515200,,,,,,,,,,,,
515400,,,,,,,,,,,,
515600,,,,,,,,,,,,
515800,,,,,,,,,,,,
516000,,,,,,,,,,,,
516200,,,,,,,,,,,,
516400,,,,,,,,,,,,
516600,,,,,,,,,,,,
516800,,,,,,,,,,,,
517000,,,,,,,,,,,,
517200,,,,,,,,,,,,
517400,,,,,,,,,,,,
517600,,,,,,,,,,,,
517800,,,,,,,,,,,,
518000,,,,,,,,,,,,
518200,,,,,,,,,,,,
518400,,,,,,,,,,,,
518600,,,,,,,,,,,,
518800,,,,,,,,,,,,
519000,,,,,,,,,,,,
519200,,,,,,,,,,,,
519400,,,,,,,,,,,,
519600,,,,,,,,,,,,
519800,,,,,,,,,,,,
520000,,,,,,,,,,,,
520200,,,,,,,,,,,,
520400,,,,,,,,,,,,
520600,,,,,,,,,,,,
520800,,,,,,,,,,,,
521000,,,,,,,,,,,,
521200,,,,,,,,,,,,
521400,,,,,,,,,,,,
521600,,,,,,,,,,,,
521800,,,,,,,,,,,,
522000,,,,,,,,,,,,
522200,,,,,,,,,,,,
522400,,,,,,,,,,,,
522600,,,,,,,,,,,,
522800,,,,,,,,,,,,
523000,,,,,,,,,,,,
523200,,,,,,,,,,,,
523400,,,,,,,,,,,,
523600,,,,,,,,,,,,
523800,,,,,,,,,,,,
524000,,,,,,,,,,,,
524200,,,,,,,,,,,,
524400,,,,,,,,,,,,
524600,,,,,,,,,,,,
524800,,,,,,,,,,,,
525000,,,,,,,,,,,,
525200,,,,,,,,,,,,
525400,,,,,,,,,,,,
525600,,,,,,,,,,,,
525800,,,,,,,,,,,,
526000,,,,,,,,,,,,
526200,,,,,,,,,,,,
526400,,,,,,,,,,,,
526600,,,,,,,,,,,,
526800,,,,,,,,,,,,
527000,,,,,,,,,,,,
527200,,,,,,,,,,,,
527400,,,,,,,,,,,,
527600,,,,,,,,,,,,
527800,,,,,,,,,,,,
528000,,,,,,,,,,,,
528200,,,,,,,,,,,,
528400,,,,,,,,,,,,
528600,,,,,,,,,,,,
528800,,,,,,,,,,,,
529000,,,,,,,,,,,,
529200,,,,,,,,,,,,
529400,,,,,,,,,,,,
529600,,,,,,,,,,,,
529800,,,,,,,,,,,,
530000,,,,,,,,,,,,
530200,,,,,,,,,,,,
530400,,,,,,,,,,,,
530600,,,,,,,,,,,,
530800,,,,,,,,,,,,
531000,,,,,,,,,,,,
531200,,,,,,,,,,,,
531400,,,,,,,,,,,,
531600,,,,,,,,,,,,
531800,,,,,,,,,,,,
532000,,,,,,,,,,,,
532200,,,,,,,,,,,,
532400,,,,,,,,,,,,
532600,,,,,,,,,,,,
532800,,,,,,,,,,,,
533000,,,,,,,,,,,,
533200,,,,,,,,,,,,
533400,,,,,,,,,,,,
533600,,,,,,,,,,,,
533800,,,,,,,,,,,,
534000,,,,,,,,,,,,
534200,,,,,,,,,,,,
534400,,,,,,,,,,,,
534600,,,,,,,,,,,,
534800,,,,,,,,,,,,
535000,,,,,,,,,,,,
535200,,,,,,,,,,,,
535400,,,,,,,,,,,,
535600,,,,,,,,,,,,
535800,,,,,,,,,,,,
536000,,,,,,,,,,,,
536200,,,,,,,,,,,,
536400,,,,,,,,,,,,
536600,,,,,,,,,,,,
536800,,,,,,,,,,,,
537000,,,,,,,,,,,,
537200,,,,,,,,,,,,
537400,,,,,,,,,,,,
537600,,,,,,,,,,,,
537800,,,,,,,,,,,,
538000,,,,,,,,,,,,
538200,,,,,,,,,,,,
538400,,,,,,,,,,,,
538600,,,,,,,,,,,,
538800,,,,,,,,,,,,
539000,,,,,,,,,,,,
539200,,,,,,,,,,,,
539400,,,,,,,,,,,,
539600,,,,,,,,,,,,
539800,,,,,,,,,,,,
540000,,,,,,,,,,,,
540200,,,,,,,,,,,,
540400,,,,,,,,,,,,
540600,,,,,,,,,,,,
540800,,,,,,,,,,,,
541000,,,,,,,,,,,,
541200,,,,,,,,,,,,
541400,,,,,,,,,,,,
541600,,,,,,,,,,,,
541800,,,,,,,,,,,,
542000,,,,,,,,,,,,
542200,,,,,,,,,,,,
542400,,,,,,,,,,,,
542600,,,,,,,,,,,,
542800,,,,,,,,,,,,
543000,,,,,,,,,,,,
543200,,,,,,,,,,,,
543400,,,,,,,,,,,,
543600,,,,,,,,,,,,
543800,,,,,,,,,,,,
544000,,,,,,,,,,,,
544200,,,,,,,,,,,,
544400,,,,,,,,,,,,
544600,,,,,,,,,,,,
544800,,,,,,,,,,,,
545000,,,,,,,,,,,,
545200,,,,,,,,,,,,
545400,,,,,,,,,,,,
545600,,,,,,,,,,,,
545800,,,,,,,,,,,,
546000,,,,,,,,,,,,
546200,,,,,,,,,,,,
546400,,,,,,,,,,,,
546600,,,,,,,,,,,,
546800,,,,,,,,,,,,